account_id,avg_usage_time,avg_usage_count,avg_error_count,avg_satisfaction,avg_resolution_time,avg_refund_amount,mrr_amount,arr_amount,auto_renew_flag,churn_label,industry,plan_tier,country,feedback_text
A-00bed1,2818.3137254901962,10.07843137254902,0.5294117647058824,4.0,31.75,21.17,3152.098039215686,37825.17647058824,1.0,0.0,0.0,1.0,6.0,
A-00cac8,2954.5862068965516,10.379310344827585,0.5344827586206896,4.3999999999999995,33.0,0.0,1466.5,17598.0,1.0,0.0,4.0,1.0,0.0,
A-0158bb,3390.3055555555557,10.11111111111111,0.6111111111111112,3.0,32.0,3.223333333333333,803.1666666666666,9638.0,1.0,0.0,3.0,1.0,2.0,
A-016043,2810.1063829787236,10.425531914893616,0.44680851063829785,4.0,30.333333333333332,84.75,1592.9148936170213,19114.978723404256,1.0,1.0,2.0,1.0,1.0,switched to competitor
A-019782,2924.509090909091,10.218181818181819,0.5454545454545454,3.0,10.0,38.13,933.7636363636364,11205.163636363637,1.0,1.0,1.0,0.0,3.0,
A-029f69,2872.3214285714284,9.392857142857142,0.5,3.0,42.0,10.909999999999998,1029.6190476190477,12355.42857142857,1.0,1.0,0.0,0.0,1.0,switched to competitor too expensive
A-02cd81,3045.8888888888887,9.5,0.3888888888888889,4.5,17.333333333333332,0.0,2283.722222222222,27404.666666666668,1.0,1.0,4.0,2.0,4.0,
A-02fac6,3204.7924528301887,9.69811320754717,0.6415094339622641,4.0,23.333333333333332,0.0,2585.4150943396226,31024.98113207547,1.0,0.0,3.0,2.0,6.0,missing features
A-034368,2872.25,9.464285714285714,0.8928571428571429,4.0,41.2,0.0,3031.3571428571427,36376.28571428572,1.0,0.0,2.0,0.0,6.0,
A-0354fe,3387.4444444444443,10.28888888888889,0.6666666666666666,4.0,20.0,0.0,2184.311111111111,26211.733333333334,1.0,1.0,0.0,1.0,6.0,switched to competitor
A-038089,3183.65,10.5,0.75,3.6666666666666665,30.166666666666668,9.67,830.1,9961.2,1.0,0.0,1.0,0.0,3.0,too expensive
A-039727,3372.2297297297296,10.378378378378379,0.43243243243243246,3.944444444444444,32.81666666666667,46.49,3010.4054054054054,36124.86486486487,1.0,1.0,2.0,0.0,0.0,switched to competitor
A-0532a9,2922.074074074074,9.61111111111111,0.5555555555555556,3.0,30.75,2.4,1617.6296296296296,19411.555555555555,1.0,0.0,3.0,1.0,4.0,too expensive
A-054577,2585.258823529412,9.8,0.611764705882353,4.0,46.0,0.0,2130.4117647058824,25564.941176470587,1.0,1.0,2.0,1.0,5.0,
A-05d3b3,3021.296875,10.03125,0.34375,4.333333333333333,31.5,0.0,934.34375,11212.125,1.0,1.0,1.0,0.0,0.0,switched to competitor
A-05f0e5,3091.283582089552,10.537313432835822,0.6865671641791045,4.0,20.0,36.095,4835.79104477612,58029.49253731343,1.0,0.0,3.0,0.0,6.0,missing features
A-0651a4,2919.217391304348,10.217391304347826,0.5362318840579711,4.0,29.25,0.0,3214.3623188405795,38572.34782608696,1.0,1.0,4.0,2.0,3.0,too expensive missing features
A-068fc6,3204.0169491525426,10.135593220338983,0.4915254237288136,4.333333333333333,38.8,0.0,3111.4406779661017,37337.28813559322,1.0,1.0,2.0,1.0,6.0,
A-075038,2838.9714285714285,10.614285714285714,0.44285714285714284,3.0,43.5,6.38,1338.1142857142856,16057.371428571429,1.0,0.0,4.0,2.0,5.0,
A-089363,3221.1639344262294,10.295081967213115,0.5409836065573771,3.6666666666666665,35.0,0.0,1348.344262295082,16180.131147540984,1.0,1.0,3.0,1.0,0.0,switched to competitor
A-08e34e,2967.126984126984,10.333333333333334,0.5079365079365079,3.0,43.0,114.375,1835.3492063492063,22024.190476190477,1.0,0.0,2.0,2.0,6.0,missing features switched to competitor
A-09316c,2767.796296296296,10.481481481481481,0.5740740740740741,3.75,54.75,0.0,7998.148148148148,95977.77777777778,1.0,0.0,3.0,2.0,0.0,switched to competitor
A-09540c,3382.0,10.607142857142858,0.5714285714285714,4.5,28.0,71.44,4790.5,57486.0,1.0,1.0,0.0,1.0,1.0,
A-098560,3169.1272727272726,10.309090909090909,0.5818181818181818,3.0,28.0,17.175,1566.8363636363636,18802.036363636365,1.0,1.0,1.0,1.0,5.0,too expensive
A-0a282f,3026.626506024096,9.891566265060241,0.5783132530120482,4.666666666666667,43.666666666666664,31.33,919.6144578313254,11035.373493975903,1.0,1.0,1.0,0.0,6.0,switched to competitor too expensive
A-0a62f5,2995.6,9.76,0.28,3.4880952380952386,33.5,31.29,1335.64,16027.68,1.0,0.0,3.0,2.0,5.0,switched to competitor too expensive
A-0aaf6e,3025.2982456140353,10.508771929824562,0.6842105263157895,4.0,45.0,2.64,3586.5087719298244,43038.10526315789,1.0,1.0,3.0,0.0,6.0,
A-0b0d6d,2619.532258064516,9.387096774193548,0.7741935483870968,4.0,31.4,0.0,1684.1774193548388,20210.129032258064,1.0,1.0,1.0,0.0,6.0,
A-0baac2,3483.8571428571427,9.619047619047619,0.42857142857142855,4.333333333333333,43.5,24.845000000000002,3639.6190476190477,43675.42857142857,1.0,1.0,3.0,0.0,2.0,too expensive switched to competitor missing features
A-0be015,3150.1785714285716,10.607142857142858,0.4642857142857143,4.2,40.285714285714285,74.68,255.82142857142858,3069.8571428571427,1.0,1.0,3.0,0.0,6.0,too expensive
A-0cc442,2996.87012987013,9.935064935064934,0.5324675324675324,3.0,37.0,14.88,5154.25974025974,61851.11688311688,1.0,1.0,2.0,1.0,6.0,switched to competitor too expensive
A-0dbdc6,2982.826923076923,9.846153846153847,0.5961538461538461,5.0,47.0,87.51,2864.096153846154,34369.153846153844,1.0,0.0,0.0,0.0,2.0,missing features too expensive
A-0e966d,3088.828125,9.9375,0.53125,4.5,31.666666666666668,6.485555555555556,1400.765625,16809.1875,1.0,1.0,3.0,0.0,4.0,
A-0f3e88,2993.728813559322,10.135593220338983,0.4745762711864407,4.5,48.0,0.0,544.3220338983051,6531.864406779661,1.0,1.0,4.0,0.0,6.0,missing features
A-0f6450,3234.6296296296296,9.981481481481481,0.7222222222222222,3.8333333333333335,29.75,0.0,2469.090909090909,29629.090909090908,1.0,0.0,3.0,1.0,6.0,missing features
A-0f7d77,3131.1,9.933333333333334,0.6333333333333333,5.0,27.2,0.0,387.6666666666667,4652.0,1.0,1.0,3.0,0.0,4.0,missing features
A-104f1a,3567.0227272727275,9.954545454545455,0.5,3.75,33.2,0.0,1740.7045454545455,20888.454545454544,1.0,1.0,0.0,0.0,6.0,too expensive missing features switched to competitor
A-10b8da,2734.0,9.518518518518519,0.5185185185185185,3.5,31.333333333333332,0.0,1524.0,18288.0,1.0,1.0,1.0,1.0,6.0,
A-10b8f2,3092.5535714285716,10.0,0.4107142857142857,4.333333333333333,46.333333333333336,0.0,2130.839285714286,25570.071428571428,1.0,0.0,4.0,2.0,2.0,too expensive
A-117171,2850.6666666666665,9.904761904761905,0.5238095238095238,3.6666666666666665,32.5,34.28666666666667,2820.0,33840.0,1.0,1.0,4.0,1.0,3.0,switched to competitor
A-118d55,2802.383333333333,9.983333333333333,0.55,4.333333333333333,24.2,0.0,2142.95,25715.4,1.0,1.0,0.0,1.0,6.0,missing features too expensive
A-118f1c,2547.7894736842104,9.710526315789474,0.3684210526315789,3.0,64.0,0.0,7214.315789473684,86571.78947368421,1.0,1.0,0.0,0.0,6.0,
A-13466a,2615.409090909091,9.318181818181818,0.6363636363636364,4.333333333333333,32.333333333333336,3.255,1748.0454545454545,20976.545454545456,1.0,1.0,1.0,1.0,0.0,switched to competitor
A-139c3b,3422.75,10.863636363636363,0.36363636363636365,4.5,28.444444444444443,0.0,1151.159090909091,13813.90909090909,1.0,1.0,4.0,2.0,6.0,
A-149a69,3327.4444444444443,11.555555555555555,0.5,4.2,33.875,0.0,2686.0,32232.0,1.0,0.0,1.0,0.0,6.0,
A-151c9a,3556.0882352941176,10.764705882352942,0.4117647058823529,3.5,31.0,35.6,2799.205882352941,33590.470588235294,1.0,0.0,3.0,1.0,6.0,missing features
A-157070,2632.788732394366,9.80281690140845,0.36619718309859156,3.0,42.333333333333336,0.0,2030.0,24360.0,1.0,1.0,3.0,0.0,6.0,too expensive
A-158f4e,2539.9591836734694,9.244897959183673,0.5918367346938775,4.333333333333333,27.6,0.0,4174.142857142857,50089.71428571428,1.0,1.0,3.0,1.0,4.0,switched to competitor
A-1619f8,3399.690476190476,10.285714285714286,0.6190476190476191,5.0,42.0,0.0,2092.309523809524,25107.714285714286,1.0,0.0,1.0,2.0,6.0,missing features
A-17939a,2589.8936170212764,9.361702127659575,0.9148936170212766,4.5,38.0,12.351111111111111,857.4042553191489,10288.851063829787,1.0,1.0,4.0,2.0,6.0,
A-180abf,2838.5416666666665,10.395833333333334,0.5833333333333334,3.0,36.333333333333336,0.0,5668.0,68016.0,1.0,1.0,1.0,2.0,6.0,switched to competitor
A-186a44,3369.4918032786886,10.065573770491802,0.4098360655737705,3.5,38.285714285714285,0.0,983.8196721311475,11805.83606557377,1.0,1.0,4.0,0.0,6.0,
A-18793f,3506.4583333333335,10.125,0.4166666666666667,3.8,45.2,25.41,7985.833333333333,95830.0,1.0,1.0,2.0,1.0,6.0,
A-1986ca,2767.0810810810813,9.783783783783784,0.6216216216216216,3.4,36.57142857142857,0.0,4308.081081081081,51696.97297297297,1.0,0.0,4.0,1.0,4.0,
A-19b2c8,2990.4920634920636,9.53968253968254,0.5396825396825397,4.666666666666667,29.333333333333332,0.0,2305.7301587301586,27668.761904761905,1.0,0.0,1.0,0.0,4.0,missing features
A-1ac5e0,2998.285714285714,9.964285714285714,0.5535714285714286,3.8,40.42857142857143,0.0,1932.857142857143,23194.285714285714,1.0,0.0,1.0,1.0,6.0,
A-1b707d,2906.7368421052633,10.5,0.3157894736842105,3.711111111111111,42.666666666666664,0.0,1283.4473684210527,15401.368421052632,1.0,1.0,0.0,1.0,6.0,missing features
A-1b7577,3154.8064516129034,10.435483870967742,0.532258064516129,4.0,27.2,3.223333333333333,827.983870967742,9935.806451612903,1.0,1.0,0.0,1.0,6.0,
A-1b9609,2990.2340425531916,9.72340425531915,0.44680851063829785,3.0,43.0,0.0,1866.127659574468,22393.531914893618,1.0,1.0,2.0,0.0,4.0,switched to competitor too expensive
A-1d5444,3085.271186440678,10.033898305084746,0.5932203389830508,4.0,30.0,0.0,1192.75,14313.0,1.0,0.0,0.0,0.0,6.0,too expensive
A-1e1b80,3078.1617647058824,10.029411764705882,0.6911764705882353,3.2,43.0,0.0,3634.426470588235,43613.117647058825,1.0,0.0,3.0,1.0,1.0,missing features switched to competitor
A-1e50e0,3132.5,9.7,0.75,5.0,20.5,27.47,2474.45,29693.4,1.0,1.0,0.0,2.0,2.0,switched to competitor
A-1e6fc3,3279.769230769231,9.384615384615385,0.7307692307692307,3.6666666666666665,23.8,0.0,110.11538461538461,1321.3846153846155,1.0,1.0,2.0,2.0,3.0,switched to competitor
A-1f0636,3119.4117647058824,10.073529411764707,0.4411764705882353,3.5,38.5,0.0,7558.478260869565,90701.73913043478,1.0,1.0,2.0,2.0,0.0,
A-1f0ac7,2500.682926829268,9.317073170731707,0.5121951219512195,3.777777777777778,29.0,0.0,2097.609756097561,25171.317073170732,1.0,0.0,4.0,0.0,5.0,missing features
A-1f559b,2931.675,10.0,0.675,4.2,50.4,0.0,1455.0,17460.0,1.0,1.0,4.0,1.0,6.0,
A-1f7acb,3095.622641509434,9.622641509433961,0.8867924528301887,4.4,41.714285714285715,21.66,5619.924528301887,67439.09433962264,1.0,0.0,3.0,1.0,5.0,
A-202b67,2402.478260869565,9.717391304347826,0.8695652173913043,4.666666666666667,36.75,39.435,1637.468085106383,19649.617021276597,1.0,1.0,4.0,2.0,6.0,
A-20736a,2581.1428571428573,10.238095238095237,0.5238095238095238,3.75,42.25,64.98,5626.119047619048,67513.42857142857,1.0,0.0,2.0,1.0,4.0,too expensive
A-22d9d2,3195.72,10.426666666666666,0.5733333333333334,4.0,16.0,0.0,1576.8666666666666,18922.4,1.0,1.0,1.0,2.0,3.0,
A-22f2df,2836.3571428571427,10.214285714285714,0.40476190476190477,5.0,44.8,12.351111111111111,883.547619047619,10602.57142857143,1.0,0.0,1.0,0.0,6.0,
A-241e75,3580.6071428571427,9.5,0.7142857142857143,4.5,31.5,0.0,424.67857142857144,5096.142857142857,1.0,0.0,2.0,2.0,6.0,switched to competitor
A-2446e3,3146.6041666666665,10.333333333333334,0.6666666666666666,4.0,28.666666666666668,40.965,3773.25,45279.0,1.0,0.0,2.0,1.0,4.0,missing features
A-249769,2849.6617647058824,9.970588235294118,0.4411764705882353,4.0,39.5,0.0,1114.1323529411766,13369.588235294117,1.0,0.0,0.0,1.0,6.0,too expensive
A-271f46,3014.815789473684,9.81578947368421,0.42105263157894735,4.533333333333333,36.0,0.0,2606.2631578947367,31275.157894736843,1.0,0.0,1.0,0.0,6.0,missing features
A-2789e3,3167.3384615384616,10.461538461538462,0.6923076923076923,4.0,47.25,7.448333333333333,2289.9846153846156,27479.815384615384,1.0,0.0,3.0,1.0,6.0,
A-2922b6,3168.5675675675675,10.621621621621621,0.35135135135135137,4.0,15.5,0.0,1924.6756756756756,23096.108108108107,1.0,1.0,4.0,2.0,6.0,missing features
A-296d7c,3780.3939393939395,10.818181818181818,0.5454545454545454,3.75,50.4,0.0,257.42424242424244,3089.090909090909,1.0,0.0,1.0,2.0,2.0,too expensive
A-297a2d,2816.48,9.76,0.88,3.0,32.5,34.38111111111112,3387.96,40655.52,1.0,0.0,4.0,0.0,5.0,
A-2b9d3e,3168.6444444444446,9.866666666666667,0.4222222222222222,5.0,34.666666666666664,12.648888888888889,599.3555555555556,7192.266666666666,1.0,0.0,2.0,1.0,6.0,
A-2bc93d,3219.9253731343283,9.940298507462687,0.4626865671641791,4.5,12.0,49.55,2695.402985074627,32344.83582089552,1.0,1.0,4.0,0.0,6.0,switched to competitor missing features
A-2d1036,2628.0434782608695,10.028985507246377,0.5797101449275363,4.6,37.8,19.545,5031.0,60372.0,1.0,1.0,3.0,2.0,6.0,missing features switched to competitor
A-2d4502,2723.340425531915,9.893617021276595,0.40425531914893614,5.0,26.333333333333332,0.0,2964.127659574468,35569.53191489362,1.0,0.0,3.0,0.0,4.0,
A-2e3bad,2749.733333333333,9.666666666666666,0.5777777777777777,3.5,31.4,0.0,5248.711111111111,62984.53333333333,1.0,1.0,3.0,1.0,1.0,missing features
A-2e4581,2769.8,9.727272727272727,0.6909090909090909,3.0,23.0,0.0,894.3636363636364,10732.363636363636,1.0,0.0,2.0,0.0,6.0,switched to competitor
A-2ebb4b,2870.04,9.76,0.66,3.0,43.5,0.0,2506.3,30075.6,1.0,1.0,4.0,2.0,6.0,missing features
A-2edab2,3421.3617021276596,10.361702127659575,0.5531914893617021,3.0,30.0,84.365,887.2553191489362,10647.063829787234,1.0,1.0,4.0,2.0,6.0,switched to competitor too expensive
A-2f6a32,3140.651515151515,9.909090909090908,0.696969696969697,3.5,41.0,47.78666666666667,705.5454545454545,8466.545454545454,1.0,1.0,4.0,2.0,6.0,
A-309e54,3234.596153846154,9.788461538461538,0.46153846153846156,3.0,23.8,106.67,2450.769230769231,29409.23076923077,1.0,1.0,1.0,0.0,6.0,missing features
A-30b4ca,3034.1190476190477,9.571428571428571,0.5238095238095238,4.0,57.666666666666664,0.0,11446.190476190477,137354.2857142857,1.0,0.0,2.0,0.0,4.0,
A-310452,2623.24,10.72,0.64,3.6,34.2,0.0,2207.44,26489.28,1.0,0.0,1.0,2.0,3.0,too expensive
A-313be3,2886.754385964912,9.824561403508772,0.7017543859649122,5.0,22.5,21.515,1639.7894736842106,19677.473684210527,1.0,0.0,2.0,1.0,6.0,too expensive
A-31ab9a,3821.0882352941176,10.0,0.6764705882352942,3.5,43.142857142857146,0.0,2183.5,26202.0,1.0,0.0,3.0,1.0,2.0,too expensive switched to competitor
A-32728c,2812.8048780487807,10.195121951219512,0.5365853658536586,3.5,34.5,2.526666666666667,614.4878048780488,7373.8536585365855,1.0,1.0,1.0,0.0,6.0,switched to competitor missing features
A-328bd0,2659.1803278688526,9.311475409836065,0.8032786885245902,3.6666666666666665,46.0,24.98,1152.1639344262296,13825.967213114754,1.0,1.0,4.0,1.0,0.0,
A-32fb14,3206.553191489362,10.382978723404255,0.40425531914893614,4.5,34.0,0.0,1069.936170212766,12839.234042553191,1.0,1.0,1.0,0.0,6.0,too expensive switched to competitor
A-331424,3808.5,10.7,0.45,3.3333333333333335,24.5,0.0,1224.85,14698.2,1.0,1.0,1.0,0.0,6.0,switched to competitor
A-337bc1,3281.7441860465115,9.883720930232558,0.7906976744186046,4.0,32.5,0.0,2453.8372093023254,29446.04651162791,1.0,0.0,0.0,1.0,6.0,too expensive missing features
A-342303,1543.2666666666667,9.4,0.3333333333333333,4.5,29.333333333333332,0.0,263.73333333333335,3164.8,1.0,0.0,2.0,1.0,6.0,switched to competitor
A-34d880,3072.851063829787,10.085106382978724,0.851063829787234,3.0,52.2,10.4,2489.191489361702,29870.297872340427,1.0,1.0,0.0,1.0,0.0,missing features
A-34ea2f,3072.9298245614036,9.649122807017545,0.5263157894736842,3.8,35.25,0.925,1285.701754385965,15428.421052631578,1.0,1.0,4.0,1.0,6.0,too expensive
A-35083d,3292.4305555555557,10.98611111111111,0.5138888888888888,5.0,49.75,0.708888888888889,1614.0555555555557,19368.666666666668,1.0,1.0,4.0,1.0,4.0,
A-354f12,3234.0,10.533333333333333,0.2,4.122222222222223,56.5,0.0,2693.2,32318.4,1.0,0.0,3.0,0.0,6.0,missing features
A-378b99,3233.189655172414,9.741379310344827,0.6551724137931034,4.5,28.5,0.0,868.7068965517242,10424.48275862069,1.0,1.0,2.0,2.0,5.0,switched to competitor
A-3793ee,2562.657894736842,9.263157894736842,0.2894736842105263,4.0,43.75,0.0,3063.7894736842104,36765.47368421053,1.0,1.0,0.0,1.0,1.0,
A-37f969,3370.375,9.75,0.4375,3.6666666666666665,22.2,36.714999999999996,2607.46875,31289.625,1.0,0.0,4.0,1.0,4.0,missing features too expensive
A-3932db,2933.978260869565,9.434782608695652,0.6086956521739131,4.333333333333333,41.0,38.31166666666667,1589.304347826087,19071.652173913044,1.0,1.0,4.0,1.0,1.0,
A-396e5f,3189.581818181818,9.818181818181818,0.41818181818181815,4.0,24.8,0.0,869.6727272727272,10436.072727272727,1.0,0.0,0.0,1.0,1.0,too expensive
A-39868b,3796.1428571428573,10.892857142857142,0.75,4.25,39.0,0.0,819.0,9828.0,1.0,0.0,3.0,0.0,0.0,too expensive
A-39b19f,2455.6545454545453,9.636363636363637,0.6727272727272727,4.25,47.833333333333336,0.0,1962.6,23551.2,1.0,1.0,3.0,2.0,6.0,
A-39ddf4,3035.9565217391305,9.891304347826088,0.782608695652174,4.25,23.0,0.0,4068.2608695652175,48819.13043478261,1.0,1.0,2.0,2.0,6.0,
A-3a5ad8,2459.1923076923076,9.73076923076923,0.4423076923076923,4.5,44.75,22.996666666666666,2726.1153846153848,32713.384615384617,1.0,0.0,4.0,2.0,6.0,
A-3a7284,3192.7,10.15,0.5,3.5,56.333333333333336,0.0,3191.383333333333,38296.6,1.0,1.0,3.0,1.0,6.0,missing features
A-3b37d9,2979.5116279069766,10.488372093023257,0.4883720930232558,4.5,36.0,0.0,3242.4651162790697,38909.58139534884,1.0,1.0,3.0,1.0,6.0,switched to competitor
A-3b5cd1,3422.269230769231,10.057692307692308,0.46153846153846156,4.0,27.4,37.72333333333333,1994.9811320754718,23939.77358490566,1.0,0.0,3.0,0.0,6.0,missing features too expensive
A-3be56b,3089.2363636363634,9.6,0.6,3.5,40.25,0.0,1664.0727272727272,19968.872727272726,1.0,1.0,4.0,0.0,4.0,switched to competitor
A-3c1a3f,3379.235294117647,9.745098039215685,0.43137254901960786,3.5,33.25,21.900000000000002,1034.0980392156862,12409.176470588236,1.0,1.0,1.0,1.0,5.0,
A-3cc791,3239.8260869565215,9.717391304347826,0.6521739130434783,4.25,48.333333333333336,0.0,1024.0869565217392,12289.04347826087,1.0,0.0,2.0,0.0,6.0,
A-3ce5b8,2956.04,10.18,0.58,3.7142857142857144,42.5,261.49,1329.7,15956.4,1.0,0.0,3.0,2.0,4.0,too expensive
A-3d957b,2913.266666666667,9.533333333333333,0.8666666666666667,3.0,41.333333333333336,0.0,2350.75,28209.0,1.0,1.0,4.0,0.0,5.0,too expensive
A-3f9cc0,2960.0238095238096,9.69047619047619,0.5714285714285714,4.5,34.8,0.0,3660.190476190476,43922.28571428572,1.0,0.0,4.0,1.0,6.0,switched to competitor too expensive
A-40906c,3337.190476190476,10.873015873015873,0.5079365079365079,3.75,29.2,6.515000000000001,4991.3650793650795,59896.380952380954,1.0,0.0,2.0,1.0,6.0,
A-40a557,2928.641025641026,10.307692307692308,0.4358974358974359,3.6666666666666665,30.571428571428573,0.0,2219.025641025641,26628.30769230769,1.0,1.0,0.0,1.0,0.0,switched to competitor
A-40de06,2938.4615384615386,9.912087912087912,0.4725274725274725,4.0,40.333333333333336,22.518333333333334,2094.043956043956,25128.527472527472,1.0,1.0,0.0,0.0,6.0,
A-410e86,3581.4333333333334,9.733333333333333,0.7,3.5,42.6,12.574444444444444,2038.4,24460.8,1.0,1.0,3.0,2.0,6.0,
A-417d2f,2907.056338028169,10.169014084507042,0.43661971830985913,4.333333333333333,43.5,0.0,1952.8309859154929,23433.971830985916,1.0,1.0,0.0,2.0,4.0,missing features
A-425e76,2842.0625,9.125,0.5,3.3333333333333335,48.2,0.0,2110.081632653061,25320.979591836734,1.0,1.0,1.0,2.0,5.0,too expensive switched to competitor missing features
A-427b69,3082.9142857142856,9.971428571428572,0.5142857142857142,3.0,31.5,1.5088888888888892,1624.9571428571428,19499.485714285714,1.0,1.0,3.0,2.0,6.0,
A-42b791,2646.65625,9.75,0.1875,4.0,33.666666666666664,35.845,4744.03125,56928.375,1.0,1.0,3.0,0.0,0.0,
A-42e5e1,2846.439024390244,10.024390243902438,1.0,4.0,29.0,0.0,1869.2682926829268,22431.219512195123,1.0,1.0,1.0,0.0,6.0,too expensive
A-432483,3365.777777777778,10.022222222222222,0.6222222222222222,3.944444444444444,51.0,0.0,4109.022222222222,49308.26666666667,1.0,1.0,0.0,1.0,6.0,
A-439b2f,2713.55,8.55,0.25,4.488888888888889,18.333333333333332,8.53,227.95,2735.4,1.0,1.0,1.0,0.0,6.0,switched to competitor
A-43a9e3,2889.6,10.142857142857142,0.4,4.0,38.0,0.0,1497.2285714285715,17966.742857142857,1.0,0.0,3.0,0.0,4.0,
A-4437e4,3135.7951807228915,9.710843373493976,0.5180722891566265,3.0,34.666666666666664,0.0,1261.0602409638554,15132.722891566265,1.0,1.0,0.0,1.0,6.0,too expensive
A-443b7c,3095.8571428571427,9.80952380952381,0.4603174603174603,4.4,29.25,7.8805555555555555,1631.3809523809523,19576.571428571428,1.0,1.0,0.0,0.0,6.0,
A-443f6f,2824.089285714286,9.410714285714286,0.5,4.666666666666667,28.0,41.78833333333333,1733.5357142857142,20802.428571428572,1.0,1.0,0.0,2.0,6.0,
A-44dc83,3379.9583333333335,10.333333333333334,0.5416666666666666,4.6,40.857142857142854,98.47999999999999,171.0,2052.0,1.0,0.0,2.0,0.0,3.0,missing features
A-45ce7a,3204.5641025641025,10.871794871794872,0.7692307692307693,3.6666666666666665,45.4,97.59333333333335,1321.025641025641,15852.307692307691,1.0,1.0,3.0,1.0,6.0,
A-462d45,2312.478260869565,9.304347826086957,0.37681159420289856,4.0,26.75,0.0,2078.2608695652175,24939.130434782608,1.0,1.0,0.0,2.0,6.0,missing features
A-463db0,2871.864864864865,9.91891891891892,0.35135135135135137,4.25,50.166666666666664,0.0,1689.8108108108108,20277.72972972973,1.0,0.0,4.0,0.0,6.0,
A-474ad4,2864.921875,9.453125,0.703125,5.0,33.0,0.8422222222222223,626.265625,7515.1875,1.0,1.0,2.0,2.0,6.0,
A-4814a3,2812.7833333333333,9.783333333333333,0.75,4.0,18.75,0.0,6356.8,76281.6,1.0,1.0,0.0,2.0,4.0,too expensive
A-484819,3517.4545454545455,10.181818181818182,0.6060606060606061,4.5,33.2,0.0,2590.705882352941,31088.470588235294,1.0,1.0,4.0,1.0,6.0,
A-49b828,2879.7384615384617,10.569230769230769,0.6923076923076923,3.5,13.666666666666666,10.041666666666666,2115.6153846153848,25387.384615384617,1.0,0.0,3.0,2.0,4.0,
A-4a267b,3019.68,9.96,0.44,4.333333333333333,16.25,64.54,3023.28,36279.36,1.0,1.0,3.0,2.0,6.0,missing features
A-4a4c2d,2783.186440677966,9.94915254237288,0.6271186440677966,4.25,42.0,31.74666666666667,2883.9661016949153,34607.59322033898,1.0,1.0,1.0,0.0,6.0,
A-4ae22a,4068.2,10.542857142857143,0.8857142857142857,3.0,14.333333333333334,0.0,1171.0857142857142,14053.028571428571,1.0,1.0,2.0,2.0,6.0,
A-4bfa33,2173.4444444444443,9.13888888888889,0.4722222222222222,3.6666666666666665,16.5,33.25333333333334,656.2777777777778,7875.333333333333,1.0,1.0,0.0,0.0,6.0,missing features switched to competitor
A-4c38bc,3350.098765432099,10.098765432098766,0.3333333333333333,3.5,48.333333333333336,10.921666666666667,3601.777777777778,43221.333333333336,1.0,1.0,4.0,2.0,5.0,
A-4c56c9,3061.359375,9.734375,0.59375,3.75,38.6,44.23,2074.0625,24888.75,1.0,1.0,3.0,0.0,6.0,missing features
A-4c6f11,3535.625,11.166666666666666,0.16666666666666666,4.333333333333333,44.666666666666664,0.0,1727.9583333333333,20735.5,1.0,0.0,3.0,2.0,1.0,too expensive
A-4d1e75,2904.0392156862745,9.352941176470589,0.49019607843137253,4.0,15.0,0.0,2064.823529411765,24777.882352941175,1.0,0.0,1.0,2.0,6.0,missing features
A-4e0e85,2594.1612903225805,9.290322580645162,0.2903225806451613,5.0,53.0,0.0,567.3548387096774,6808.258064516129,1.0,0.0,1.0,2.0,6.0,too expensive
A-4e44e8,3020.1014492753625,9.956521739130435,0.5362318840579711,3.3333333333333335,31.333333333333332,17.74,1956.2608695652175,23475.130434782608,1.0,1.0,1.0,1.0,6.0,switched to competitor too expensive
A-4e631b,3156.4897959183672,10.244897959183673,0.5918367346938775,4.0,24.5,0.6716666666666667,2164.6938775510203,25976.326530612245,1.0,0.0,3.0,0.0,6.0,
A-4e960a,3141.6938775510203,10.448979591836734,0.42857142857142855,4.0,29.166666666666668,3.466666666666667,2510.3469387755104,30124.163265306124,1.0,0.0,3.0,0.0,6.0,
A-4ef964,3074.7551020408164,9.938775510204081,0.673469387755102,4.0,42.666666666666664,0.0,1551.0408163265306,18612.48979591837,1.0,1.0,4.0,1.0,6.0,too expensive
A-4f18f0,2948.2631578947367,9.543859649122806,0.43859649122807015,4.0,39.2,0.0,2601.5087719298244,31218.105263157893,1.0,1.0,1.0,2.0,1.0,missing features
A-503d5a,3585.8474576271187,10.254237288135593,0.5423728813559322,4.0,36.55555555555556,3.223333333333333,806.271186440678,9675.254237288136,1.0,0.0,3.0,1.0,6.0,
A-508199,3349.5416666666665,9.625,0.625,3.0,50.666666666666664,9.722222222222223,1414.7083333333333,16976.5,1.0,0.0,3.0,1.0,0.0,
A-50bb9f,4138.666666666667,11.5,0.625,4.0,33.285714285714285,0.0,2096.84,25162.08,1.0,1.0,0.0,2.0,6.0,too expensive
A-50f3f7,2873.5138888888887,9.51388888888889,0.625,5.0,37.833333333333336,21.513333333333335,2969.222222222222,35630.666666666664,1.0,0.0,4.0,2.0,6.0,
A-51ec1b,3970.0714285714284,10.107142857142858,0.42857142857142855,5.0,52.333333333333336,0.0,2346.3571428571427,28156.285714285714,1.0,1.0,1.0,1.0,6.0,too expensive
A-524364,2791.1153846153848,9.115384615384615,0.9230769230769231,4.333333333333333,47.666666666666664,47.93333333333334,1789.8846153846155,21478.615384615383,1.0,0.0,1.0,2.0,3.0,
A-5247b3,2953.5333333333333,10.166666666666666,0.48333333333333334,4.0,45.8,14.42,1242.25,14907.0,1.0,1.0,3.0,0.0,5.0,missing features
A-526d93,2843.089285714286,10.089285714285714,0.8035714285714286,3.5,51.4,13.723333333333334,3295.6071428571427,39547.28571428572,1.0,1.0,4.0,0.0,3.0,switched to competitor missing features
A-52dd88,3616.46,10.32,0.66,3.5666666666666664,72.0,1.75,1444.84,17338.08,1.0,0.0,0.0,1.0,6.0,
A-533452,2741.6825396825398,9.444444444444445,0.6984126984126984,4.0,32.75,36.887499999999996,1910.6666666666667,22928.0,1.0,1.0,1.0,1.0,0.0,missing features
A-53f4e3,2898.3863636363635,9.318181818181818,1.0227272727272727,4.0,28.6,0.0,1899.4318181818182,22793.18181818182,1.0,1.0,0.0,0.0,5.0,too expensive
A-544d0a,3251.6170212765956,10.851063829787234,0.46808510638297873,4.0,38.5,5.78,2336.0833333333335,28033.0,1.0,0.0,1.0,0.0,6.0,
A-54d94a,2951.898305084746,9.864406779661017,0.4745762711864407,3.5,53.75,0.0,1150.9322033898304,13811.186440677966,1.0,1.0,0.0,2.0,4.0,
A-54ecc2,3276.75,10.839285714285714,0.6964285714285714,5.0,37.4,0.0,1634.392857142857,19612.714285714286,1.0,0.0,0.0,0.0,6.0,too expensive missing features
A-558c72,2784.5666666666666,9.866666666666667,0.5333333333333333,4.5,64.25,43.01,1366.4,16396.8,1.0,1.0,3.0,0.0,6.0,switched to competitor
A-55f257,2754.188679245283,8.981132075471699,0.4716981132075472,5.0,43.166666666666664,7.476666666666667,1098.2830188679245,13179.396226415094,1.0,0.0,3.0,2.0,6.0,
A-560d27,3146.0338983050847,9.94915254237288,0.6440677966101694,3.6666666666666665,30.75,16.516666666666666,2692.135593220339,32305.627118644068,1.0,1.0,1.0,1.0,6.0,
A-56962b,2825.655172413793,9.344827586206897,0.8620689655172413,3.0,37.5,22.915,9830.586206896553,117967.03448275862,1.0,1.0,2.0,0.0,5.0,switched to competitor
A-5790f4,2739.657142857143,9.17142857142857,0.7428571428571429,4.0,44.0,148.03333333333333,2667.114285714286,32005.371428571427,1.0,1.0,3.0,2.0,5.0,too expensive switched to competitor
A-58b9ff,3088.107692307692,10.261538461538462,0.49230769230769234,4.0,66.0,0.0,1554.7230769230769,18656.676923076924,1.0,1.0,1.0,2.0,4.0,too expensive
A-592832,3230.5247524752476,10.425742574257425,0.5445544554455446,5.0,32.666666666666664,22.66,1877.0882352941176,22525.058823529413,1.0,1.0,0.0,2.0,6.0,switched to competitor
A-59f724,3260.1617647058824,10.235294117647058,0.6911764705882353,4.25,19.25,0.0,1053.1617647058824,12637.941176470587,1.0,0.0,4.0,0.0,6.0,
A-5a184f,3081.2105263157896,10.298245614035087,0.5087719298245614,4.333333333333333,15.333333333333334,0.0,2714.122807017544,32569.473684210527,1.0,1.0,1.0,1.0,2.0,too expensive switched to competitor missing features
A-5a215a,3395.65,10.0875,0.8875,4.0,29.5,0.0,6371.407407407408,76456.88888888889,1.0,1.0,2.0,1.0,3.0,
A-5a3eb9,3143.1884057971015,10.46376811594203,0.4927536231884058,3.8333333333333335,24.0,19.456666666666667,1417.4927536231885,17009.91304347826,1.0,1.0,1.0,2.0,1.0,missing features
A-5a92e7,3251.0235294117647,10.411764705882353,0.8941176470588236,4.4,45.0,0.0,640.8352941176471,7690.023529411765,1.0,1.0,4.0,1.0,6.0,missing features
A-5b051a,2804.0,10.6875,1.0625,3.0,2.0,0.8422222222222223,583.0,6996.0,1.0,1.0,0.0,0.0,6.0,
A-5b1bcd,2921.906976744186,10.104651162790697,0.627906976744186,4.5,43.25,4.45,9318.53488372093,111822.41860465116,1.0,1.0,1.0,1.0,6.0,
A-5b4ebb,2804.285714285714,9.885714285714286,0.35714285714285715,4.75,35.4,0.0,2412.3571428571427,28948.285714285714,1.0,1.0,0.0,1.0,5.0,
A-5c046d,2781.0,10.326086956521738,0.5,3.0,13.0,25.411666666666672,12259.826086956522,147117.91304347827,1.0,0.0,2.0,2.0,3.0,
A-5c9849,3293.108695652174,10.282608695652174,0.5,3.944444444444444,59.5,0.0,4113.893617021276,49366.72340425532,1.0,1.0,2.0,2.0,4.0,too expensive
A-5ed98d,2822.3125,9.75,0.5625,5.0,35.8,0.0,1619.9375,19439.25,1.0,0.0,1.0,1.0,6.0,missing features
A-5f2961,2861.75,9.666666666666666,0.5277777777777778,4.166666666666667,53.0,6.6,1607.5555555555557,19290.666666666668,1.0,0.0,4.0,1.0,6.0,switched to competitor
A-5f7781,3861.3888888888887,10.166666666666666,0.5555555555555556,4.0,28.5,0.0,2878.3333333333335,34540.0,1.0,0.0,1.0,1.0,6.0,
A-5fe118,2852.4761904761904,11.095238095238095,0.5714285714285714,4.0,19.0,114.86,3541.8571428571427,42502.28571428572,1.0,0.0,0.0,0.0,6.0,
A-600734,2754.7246376811595,9.565217391304348,0.43478260869565216,3.6666666666666665,52.57142857142857,22.326666666666664,1372.536231884058,16470.434782608696,1.0,1.0,1.0,0.0,6.0,
A-625d0b,2620.1666666666665,9.796296296296296,0.7037037037037037,3.0,48.4,1.96,980.0555555555555,11760.666666666666,1.0,1.0,2.0,2.0,0.0,
A-659280,3102.0333333333333,10.216666666666667,0.5666666666666667,4.333333333333333,8.0,13.875,2280.8166666666666,27369.8,1.0,0.0,3.0,2.0,4.0,too expensive switched to competitor
A-65a46c,3032.0789473684213,9.736842105263158,0.5526315789473685,4.0,45.125,0.688888888888889,1482.6315789473683,17791.57894736842,1.0,1.0,4.0,1.0,6.0,
A-65aeb5,2691.5272727272727,9.690909090909091,0.7272727272727273,5.0,42.5,0.0,2306.6181818181817,27679.418181818182,1.0,1.0,1.0,1.0,6.0,missing features
A-65c341,3870.2105263157896,10.789473684210526,0.47368421052631576,4.0,41.4,0.0,5281.315789473684,63375.78947368421,1.0,1.0,3.0,0.0,6.0,too expensive switched to competitor
A-66224b,3036.5409836065573,10.262295081967213,0.47540983606557374,3.5,39.833333333333336,11.475000000000001,5066.0327868852455,60792.39344262295,1.0,1.0,4.0,1.0,6.0,
A-671f31,2555.823529411765,9.823529411764707,0.9411764705882353,4.2,33.0,21.66,5591.888888888889,67102.66666666667,1.0,0.0,1.0,2.0,6.0,
A-67be94,3028.5,9.904761904761905,0.40476190476190477,4.0,38.6,44.135000000000005,2670.3333333333335,32044.0,1.0,1.0,2.0,0.0,6.0,too expensive missing features
A-684255,2906.8030303030305,9.893939393939394,0.6666666666666666,4.666666666666667,14.25,0.0,871.939393939394,10463.272727272728,1.0,1.0,3.0,2.0,6.0,too expensive missing features
A-6843f2,2748.3478260869565,10.456521739130435,0.3695652173913043,3.0,36.5,86.05833333333334,1815.1304347826087,21781.565217391304,1.0,0.0,4.0,1.0,1.0,
A-68f37c,3119.3230769230768,9.6,0.6153846153846154,4.0,20.2,0.0,3220.3230769230768,38643.876923076925,1.0,1.0,4.0,1.0,6.0,too expensive switched to competitor
A-692f18,3010.4712643678163,10.011494252873563,0.632183908045977,5.0,37.5,0.0,1515.83908045977,18190.068965517243,1.0,1.0,2.0,1.0,6.0,switched to competitor
A-6965e1,3189.0508474576272,10.627118644067796,0.4915254237288136,3.0,39.0,0.0,2100.35593220339,25204.271186440677,1.0,0.0,1.0,2.0,6.0,switched to competitor
A-69b156,2846.75,10.0,0.5555555555555556,4.0,32.0,12.295833333333333,1915.111111111111,22981.333333333332,1.0,1.0,2.0,0.0,6.0,
A-69fad4,3196.051282051282,10.564102564102564,0.6153846153846154,3.6666666666666665,43.0,0.0,1314.3333333333333,15772.0,1.0,1.0,3.0,1.0,5.0,
A-6a4e2d,2928.2033898305085,10.11864406779661,0.5254237288135594,4.5,18.5,0.0,791.1864406779661,9494.237288135593,1.0,1.0,2.0,2.0,5.0,
A-6a7c9d,3421.3684210526317,9.947368421052632,0.3157894736842105,4.0,34.333333333333336,89.42000000000002,3311.5789473684213,39738.94736842105,1.0,1.0,0.0,0.0,6.0,missing features too expensive
A-6c093d,3394.921875,10.46875,0.46875,5.0,40.333333333333336,0.0,759.71875,9116.625,1.0,1.0,1.0,0.0,6.0,
A-6da850,2662.4285714285716,10.2,0.7714285714285715,4.0,49.0,0.0,2059.3142857142857,24711.77142857143,1.0,1.0,3.0,0.0,4.0,too expensive switched to competitor missing features
A-6dee43,2969.5,9.604166666666666,0.22916666666666666,4.333333333333333,44.2,143.8,1807.7708333333333,21693.25,1.0,1.0,3.0,0.0,5.0,switched to competitor
A-6e08f3,2981.56,9.84,0.42,3.5,36.5,0.0,1651.14,19813.68,1.0,0.0,0.0,2.0,6.0,
A-6e7827,3007.487804878049,10.21951219512195,0.7560975609756098,3.5,51.0,0.0,986.8048780487804,11841.658536585366,1.0,1.0,1.0,2.0,6.0,switched to competitor missing features
A-6f50ae,2891.710843373494,9.771084337349398,0.5783132530120482,4.5,31.0,0.0,1834.855421686747,22018.265060240963,1.0,0.0,3.0,0.0,6.0,missing features
A-6f8ad2,2971.465909090909,10.5,0.6704545454545454,4.333333333333333,35.25,38.31166666666667,1588.7954545454545,19065.545454545456,1.0,1.0,2.0,0.0,4.0,
A-700ade,2944.1724137931033,9.793103448275861,0.6206896551724138,4.666666666666667,30.25,11.42888888888889,2790.4137931034484,33484.96551724138,1.0,1.0,0.0,2.0,5.0,
A-702032,3529.846153846154,10.961538461538462,0.5769230769230769,3.0,26.0,5.25,1419.3846153846155,17032.615384615383,1.0,1.0,4.0,1.0,6.0,switched to competitor
A-712426,3066.8714285714286,9.942857142857143,0.44285714285714284,4.4,37.333333333333336,0.0,1071.4084507042253,12856.901408450703,1.0,1.0,4.0,0.0,6.0,missing features
A-712533,3273.7454545454543,10.381818181818181,0.6363636363636364,3.75,37.4,0.0,1589.5636363636363,19074.763636363637,1.0,0.0,2.0,0.0,6.0,missing features
A-712f1c,2666.205882352941,9.279411764705882,0.5,4.0,41.666666666666664,68.99,2707.1323529411766,32485.58823529412,1.0,1.0,1.0,2.0,6.0,
A-71615e,3141.9193548387098,10.0,0.6612903225806451,3.694444444444444,49.0,0.0,3109.4032258064517,37312.83870967742,1.0,0.0,2.0,1.0,6.0,missing features
A-716841,3269.4411764705883,10.117647058823529,0.38235294117647056,4.0,29.8,0.0,2367.6470588235293,28411.764705882353,1.0,0.0,3.0,0.0,6.0,too expensive
A-726cfa,2877.408163265306,10.13265306122449,0.45918367346938777,4.0,35.666666666666664,122.10999999999999,1706.0714285714287,20472.85714285714,1.0,1.0,1.0,2.0,6.0,too expensive
A-72799b,2767.8214285714284,9.821428571428571,0.6071428571428571,4.5,33.5,0.0,1610.7857142857142,19329.428571428572,1.0,1.0,1.0,1.0,3.0,switched to competitor
A-751bd4,3262.9,9.2,0.0,4.25,23.166666666666668,0.0,38.0,456.0,1.0,0.0,0.0,0.0,5.0,
A-751c58,3385.0,10.830188679245284,0.22641509433962265,4.333333333333333,39.6,21.406666666666666,1700.0,20400.0,1.0,0.0,3.0,2.0,5.0,missing features switched to competitor too expensive
A-756192,2868.515625,9.640625,0.671875,4.0,37.333333333333336,12.295833333333333,1914.75,22977.0,1.0,0.0,3.0,1.0,4.0,
A-7641d3,3295.1,10.38,0.52,4.333333333333333,45.2,65.7,1021.78,12261.36,1.0,0.0,2.0,1.0,6.0,missing features
A-76fa4d,3506.972222222222,9.916666666666666,0.5833333333333334,4.5,33.4,16.52,8561.75,102741.0,1.0,1.0,4.0,2.0,6.0,too expensive
A-779e4e,2523.590909090909,8.931818181818182,0.45454545454545453,4.0,26.6,2.9033333333333338,2549.090909090909,30589.090909090908,1.0,1.0,4.0,2.0,6.0,
A-781cc0,3103.5402298850577,9.931034482758621,0.4827586206896552,3.6666666666666665,57.5,0.0,963.5057471264367,11562.068965517241,1.0,1.0,2.0,0.0,6.0,too expensive
A-78f02b,3117.45,10.55,0.8,4.0,45.75,0.0,4099.35,49192.2,1.0,0.0,4.0,1.0,6.0,missing features too expensive
A-7920cc,2863.0967741935483,9.693548387096774,0.45161290322580644,4.333333333333333,32.857142857142854,0.0,4109.6612903225805,49315.93548387097,1.0,0.0,0.0,1.0,3.0,
A-794a0b,2478.9473684210525,9.131578947368421,0.8157894736842105,4.555555555555556,35.18333333333333,0.0,1635.2368421052631,19622.842105263157,1.0,0.0,4.0,2.0,2.0,switched to competitor
A-7988d1,3005.7608695652175,9.76086956521739,0.6086956521739131,4.333333333333333,35.333333333333336,5.630000000000001,1076.0869565217392,12913.04347826087,1.0,1.0,0.0,0.0,6.0,missing features too expensive
A-798a3f,2841.7837837837837,9.513513513513514,0.5135135135135135,4.0,33.0,0.0,1627.4324324324325,19529.18918918919,1.0,1.0,1.0,1.0,3.0,
A-7a0d69,2937.1639344262294,9.934426229508198,0.5081967213114754,5.0,29.0,9.65,1382.5245901639344,16590.29508196721,1.0,0.0,1.0,1.0,2.0,switched to competitor
A-7c4956,2882.3777777777777,10.555555555555555,0.8888888888888888,4.0,13.666666666666666,5.530833333333334,506.97777777777776,6083.733333333334,1.0,1.0,1.0,1.0,6.0,
A-7c5768,3092.9565217391305,10.021739130434783,0.6739130434782609,4.0,28.8,5.835833333333333,386.8478260869565,4642.173913043478,1.0,0.0,4.0,0.0,5.0,
A-7c6b6b,2356.3142857142857,8.885714285714286,0.6857142857142857,4.333333333333333,52.2,0.0,676.1142857142858,8113.371428571429,1.0,1.0,3.0,2.0,6.0,too expensive
A-7c83a1,3282.4032258064517,10.193548387096774,0.3709677419354839,4.0,42.0,0.0,1197.4516129032259,14369.41935483871,1.0,1.0,0.0,1.0,6.0,
A-7cfe77,3030.6315789473683,10.789473684210526,0.5789473684210527,3.5,30.714285714285715,0.0,2182.5789473684213,26190.947368421053,1.0,0.0,1.0,2.0,6.0,missing features
A-7d514c,3056.3958333333335,10.458333333333334,0.625,5.0,33.333333333333336,21.465,3467.1458333333335,41605.75,1.0,1.0,4.0,2.0,2.0,
A-7da956,2949.627450980392,10.647058823529411,0.6862745098039216,5.0,32.666666666666664,11.583333333333334,707.3921568627451,8488.70588235294,1.0,1.0,0.0,0.0,6.0,
A-7dacce,3029.7708333333335,9.833333333333334,0.6041666666666666,3.6666666666666665,32.5,0.0,2394.0416666666665,28728.5,1.0,0.0,0.0,1.0,1.0,missing features switched to competitor
A-7df7a7,2822.098901098901,10.131868131868131,0.5164835164835165,4.0,28.0,0.0,1762.076923076923,21144.923076923078,1.0,1.0,1.0,2.0,6.0,missing features
A-7e0a10,3463.24,10.22,0.7,4.0,39.4,0.0,5183.68,62204.16,1.0,0.0,3.0,1.0,6.0,missing features
A-7f29a7,2858.2096774193546,9.983870967741936,0.6129032258064516,4.0,24.0,23.97,1370.8548387096773,16450.25806451613,1.0,1.0,0.0,0.0,5.0,switched to competitor
A-7f4db3,3088.8888888888887,9.377777777777778,0.5111111111111111,3.25,16.6,0.0,1450.8444444444444,17410.133333333335,1.0,1.0,3.0,1.0,6.0,missing features
A-7f6b86,3518.268292682927,10.24390243902439,0.34146341463414637,3.6666666666666665,40.42857142857143,5.27,2653.0,31836.0,1.0,1.0,4.0,0.0,6.0,
A-7f8241,2950.4675324675327,9.532467532467532,0.4935064935064935,3.0,36.0,4.625,2263.5844155844156,27163.012987012986,1.0,0.0,2.0,2.0,6.0,
A-80eeb6,2919.7894736842104,9.539473684210526,0.5657894736842105,3.6666666666666665,40.25,0.0,4073.0,48876.0,1.0,1.0,0.0,1.0,5.0,too expensive missing features
A-812c5b,3063.5795454545455,9.840909090909092,0.5227272727272727,4.0,27.0,11.83,1559.3068181818182,18711.68181818182,1.0,0.0,1.0,2.0,1.0,missing features
A-8145a0,3127.765625,10.828125,0.421875,4.0,23.666666666666668,0.0,1393.578125,16722.9375,1.0,1.0,0.0,1.0,0.0,missing features
A-81edc3,3311.891891891892,10.337837837837839,0.5540540540540541,4.0,52.666666666666664,3.6366666666666667,1563.4594594594594,18761.513513513513,1.0,0.0,0.0,2.0,4.0,too expensive missing features
A-82861f,2617.46,9.24,0.86,3.2,24.4,0.0,4044.94,48539.28,1.0,1.0,1.0,0.0,5.0,
A-82d8a6,2836.2571428571428,9.442857142857143,0.5428571428571428,3.5,42.2,0.0,1516.8714285714286,18202.457142857143,1.0,1.0,0.0,1.0,5.0,switched to competitor
A-832ec2,3218.591836734694,10.428571428571429,0.5102040816326531,4.0,26.0,0.0,1166.8979591836735,14002.775510204081,1.0,0.0,3.0,0.0,5.0,too expensive switched to competitor
A-84ebe4,2944.1666666666665,9.428571428571429,0.6190476190476191,4.0,29.5,0.0,3283.9523809523807,39407.42857142857,1.0,1.0,3.0,2.0,6.0,missing features switched to competitor
A-854864,3063.2083333333335,10.333333333333334,0.4166666666666667,4.8,44.2,8.47,2294.9166666666665,27539.0,1.0,1.0,3.0,2.0,4.0,switched to competitor
A-855a48,3316.090909090909,10.181818181818182,0.36363636363636365,3.6666666666666665,39.6,7.920000000000001,3589.0227272727275,43068.27272727273,1.0,0.0,2.0,0.0,6.0,too expensive
A-856b1e,2757.304347826087,10.0,1.0434782608695652,3.8333333333333335,36.0,3.223333333333333,792.5217391304348,9510.260869565218,1.0,0.0,3.0,2.0,6.0,
A-86902e,3211.5714285714284,9.968253968253968,0.5714285714285714,3.5,40.888888888888886,0.0,3186.904761904762,38242.857142857145,1.0,1.0,4.0,0.0,4.0,
A-86cdb4,3412.7755102040815,10.040816326530612,0.4897959183673469,4.333333333333333,26.4,0.4033333333333333,445.9183673469388,5351.0204081632655,1.0,1.0,1.0,0.0,2.0,
A-86fc1d,3002.9189189189187,9.81081081081081,0.7027027027027027,4.0,27.0,0.0,1717.162162162162,20605.945945945947,1.0,1.0,1.0,2.0,5.0,
A-87aa7b,2924.2361111111113,10.305555555555555,0.4861111111111111,3.9333333333333336,27.333333333333332,45.333333333333336,1370.7777777777778,16449.333333333332,1.0,0.0,4.0,2.0,6.0,switched to competitor missing features
A-883b7d,2871.4242424242425,9.757575757575758,0.6060606060606061,3.6,25.571428571428573,29.722222222222225,2793.469696969697,33521.63636363636,1.0,1.0,0.0,0.0,4.0,
A-88c6ca,3027.7906976744184,10.372093023255815,0.4418604651162791,3.5,56.0,0.0,1194.1162790697674,14329.39534883721,1.0,0.0,3.0,1.0,2.0,
A-89ee83,2925.864406779661,9.576271186440678,0.4406779661016949,4.0,21.8,86.05833333333334,1815.4915254237287,21785.898305084746,1.0,1.0,0.0,0.0,6.0,
A-8adedc,2721.2622950819673,9.557377049180328,0.5409836065573771,4.0,49.25,7.0377777777777775,2498.7903225806454,29985.483870967742,1.0,1.0,2.0,1.0,6.0,
A-8ae05d,3872.3,10.15,0.5,4.0,47.0,0.0,3805.5,45666.0,1.0,1.0,3.0,0.0,4.0,missing features
A-8ae3fc,3339.5384615384614,10.307692307692308,0.7692307692307693,3.5,39.5,0.0,724.0769230769231,8688.923076923076,1.0,0.0,1.0,0.0,1.0,
A-8b0451,2965.5,10.1,0.75,3.5,26.571428571428573,0.0,2420.3333333333335,29044.0,1.0,1.0,3.0,0.0,5.0,too expensive
A-8b25f2,2951.740740740741,10.462962962962964,0.37037037037037035,4.0,35.5,0.0,1167.351851851852,14008.222222222223,1.0,1.0,0.0,2.0,6.0,
A-8bde0c,3011.35,9.6625,0.5375,4.0,25.666666666666668,0.0,1759.1375,21109.65,1.0,1.0,1.0,0.0,6.0,missing features
A-8e47ca,2902.108695652174,9.58695652173913,0.7608695652173914,4.0,33.4,0.0,3073.4565217391305,36881.47826086957,1.0,1.0,4.0,1.0,6.0,missing features too expensive
A-8ed5dd,3149.4,9.909090909090908,0.8181818181818182,3.75,29.0,0.0,557.375,6688.5,1.0,1.0,2.0,2.0,5.0,switched to competitor
A-902ef7,3646.95,10.35,0.6,4.0,48.5,0.0,4471.625,53659.5,1.0,0.0,4.0,2.0,6.0,too expensive
A-9077b0,3180.4565217391305,10.717391304347826,0.6739130434782609,4.333333333333333,40.333333333333336,0.4033333333333333,487.3695652173913,5848.434782608696,1.0,1.0,4.0,1.0,6.0,
A-90a8c8,3109.4146341463415,9.853658536585366,0.4878048780487805,3.25,45.0,0.0,3119.0731707317073,37428.87804878049,1.0,0.0,3.0,2.0,0.0,missing features
A-9123ac,3243.6216216216217,10.432432432432432,0.6486486486486487,4.2,38.833333333333336,0.0,1918.7837837837837,23025.405405405407,1.0,0.0,0.0,0.0,2.0,too expensive missing features
A-9174e0,2987.5072463768115,9.985507246376812,0.8840579710144928,5.0,39.0,13.955555555555556,3716.014492753623,44592.17391304348,1.0,1.0,0.0,1.0,6.0,
A-91e948,2881.5,10.1,0.4,3.5,46.63333333333333,4.5744444444444445,3284.1,39409.2,1.0,0.0,2.0,0.0,0.0,
A-9208f0,2994.3584905660377,10.150943396226415,0.5849056603773585,3.3333333333333335,41.25,16.5925,553.6037735849056,6643.245283018868,1.0,1.0,2.0,2.0,6.0,too expensive switched to competitor
A-922109,3474.227848101266,10.367088607594937,0.43037974683544306,3.0,25.333333333333332,0.0,983.5949367088608,11803.139240506329,1.0,1.0,0.0,2.0,6.0,too expensive
A-9289f6,2946.6911764705883,9.441176470588236,0.5588235294117647,4.333333333333333,37.5,17.93,1092.4411764705883,13109.29411764706,1.0,1.0,2.0,1.0,6.0,too expensive
A-92a333,2879.027777777778,10.11111111111111,0.8333333333333334,4.333333333333333,23.25,7.972222222222222,1419.1666666666667,17030.0,1.0,0.0,3.0,2.0,6.0,
A-92a3af,3256.5522388059703,10.656716417910447,0.8208955223880597,4.0,57.5,0.0,3255.313432835821,39063.76119402985,1.0,0.0,0.0,2.0,4.0,
A-940b8b,3462.4,10.342857142857143,0.9142857142857143,4.0,41.333333333333336,47.78666666666667,718.9428571428572,8627.314285714287,1.0,0.0,4.0,2.0,2.0,
A-94c3cd,3361.1935483870966,9.870967741935484,0.5806451612903226,3.5,44.75,9.722222222222223,1429.8387096774193,17158.064516129034,1.0,0.0,3.0,1.0,1.0,
A-94d3da,3126.0625,9.666666666666666,0.5208333333333334,3.5,26.833333333333332,0.0,2145.6666666666665,25748.0,1.0,1.0,4.0,0.0,6.0,switched to competitor
A-94f8c9,2650.961038961039,9.688311688311689,0.8181818181818182,5.0,47.333333333333336,0.0,2165.6493506493507,25987.79220779221,1.0,1.0,4.0,2.0,6.0,
A-956988,2474.7428571428572,9.4,0.7,3.0,50.5,0.0,2630.4857142857145,31565.82857142857,1.0,1.0,2.0,2.0,5.0,too expensive missing features
A-95b24a,3046.064516129032,9.85483870967742,0.5483870967741935,4.25,21.2,0.0,1934.5483870967741,23214.58064516129,1.0,0.0,3.0,0.0,6.0,
A-96215d,3263.8125,10.84375,0.65625,3.0,25.0,5.913333333333333,1945.5,23346.0,1.0,0.0,3.0,2.0,6.0,
A-96bbc6,3118.4897959183672,9.83673469387755,0.5102040816326531,3.3333333333333335,51.333333333333336,41.86666666666667,3696.714285714286,44360.57142857143,1.0,0.0,0.0,0.0,6.0,switched to competitor missing features
A-96e141,2266.3055555555557,9.61111111111111,0.5277777777777778,4.333333333333333,32.8,21.765,2174.722222222222,26096.666666666668,1.0,1.0,1.0,2.0,5.0,too expensive
A-970c97,3039.3636363636365,10.090909090909092,0.5454545454545454,5.0,61.0,40.703333333333326,1693.590909090909,20323.090909090908,1.0,1.0,4.0,1.0,2.0,
A-9779ad,2536.720930232558,9.604651162790697,0.5813953488372093,5.0,20.666666666666668,0.0,5872.558139534884,70470.69767441861,1.0,0.0,0.0,1.0,0.0,missing features too expensive switched to competitor
A-977ca0,2857.176470588235,10.505882352941176,0.5411764705882353,4.0,64.0,7.171666666666667,1631.3882352941177,19576.65882352941,1.0,1.0,4.0,1.0,4.0,
A-98a59a,2827.931818181818,10.340909090909092,0.4772727272727273,4.5,37.333333333333336,0.0,4546.181818181818,54554.181818181816,1.0,0.0,3.0,0.0,5.0,switched to competitor
A-993085,3085.9285714285716,9.5,0.7142857142857143,3.5,46.5,0.0,3744.7285714285713,44936.74285714285,1.0,1.0,4.0,1.0,6.0,
A-9a532a,4199.722222222223,10.277777777777779,0.8333333333333334,3.8333333333333335,57.5,0.0,2553.8333333333335,30646.0,1.0,0.0,4.0,1.0,6.0,
A-9affe6,3081.978723404255,10.063829787234043,0.3404255319148936,3.0,58.0,83.06,912.5744680851063,10950.893617021276,1.0,1.0,0.0,2.0,6.0,missing features
A-9b9fe9,3391.396551724138,10.293103448275861,0.3793103448275862,4.0,33.5,13.96,1549.6949152542372,18596.338983050846,1.0,1.0,2.0,2.0,0.0,switched to competitor too expensive
A-9badbd,3148.3142857142857,10.414285714285715,0.6428571428571429,5.0,30.2,12.623333333333333,2477.557142857143,29730.685714285715,1.0,1.0,0.0,2.0,2.0,
A-9bfc9f,2969.2432432432433,10.162162162162161,0.4864864864864865,3.3333333333333335,35.333333333333336,86.05833333333334,1811.027027027027,21732.324324324323,1.0,1.0,1.0,2.0,1.0,
A-9c18c4,3186.660714285714,9.928571428571429,0.6607142857142857,4.0,42.25,10.880555555555555,1562.392857142857,18748.714285714286,1.0,1.0,4.0,2.0,6.0,
A-9ee962,3082.7179487179487,11.256410256410257,0.4358974358974359,4.0,37.0,0.0,586.325,7035.9,1.0,1.0,4.0,0.0,6.0,
A-9f0b68,2773.1857142857143,10.128571428571428,0.4714285714285714,3.0,30.333333333333332,0.0,2737.7428571428572,32852.91428571429,1.0,0.0,2.0,1.0,6.0,too expensive
A-9f2731,3066.03125,10.125,0.625,4.222222222222222,26.416666666666668,68.47,330.65625,3967.875,1.0,0.0,3.0,2.0,4.0,missing features
A-9f9299,3040.764705882353,9.764705882352942,0.6352941176470588,5.0,36.2,0.0,2759.741176470588,33116.89411764706,1.0,1.0,3.0,1.0,6.0,missing features
A-a09355,2782.871794871795,10.102564102564102,0.6025641025641025,4.0,32.6,67.555,2080.2948717948716,24963.53846153846,1.0,1.0,3.0,1.0,6.0,
A-a0ca4e,2999.076923076923,9.564102564102564,0.358974358974359,3.8,39.166666666666664,7.171666666666667,1646.95,19763.4,1.0,0.0,0.0,2.0,6.0,
A-a1b80b,3091.8055555555557,10.402777777777779,0.6666666666666666,4.0,41.0,12.99,1842.7777777777778,22113.333333333332,1.0,1.0,4.0,0.0,6.0,switched to competitor
A-a1bbb6,3201.7567567567567,9.891891891891891,0.5405405405405406,4.0,17.666666666666668,19.630000000000003,2213.7027027027025,26564.432432432433,1.0,1.0,1.0,2.0,1.0,
A-a2485e,3665.964285714286,11.321428571428571,0.4642857142857143,3.6666666666666665,41.13333333333333,10.43,1323.0714285714287,15876.857142857143,1.0,0.0,3.0,1.0,6.0,
A-a33200,2745.4,9.4,0.4727272727272727,4.5,36.333333333333336,21.61,2303.2181818181816,27638.618181818183,1.0,1.0,4.0,2.0,6.0,too expensive
A-a45270,3134.957746478873,10.32394366197183,0.7464788732394366,4.0,64.0,0.0,1720.3098591549297,20643.718309859156,1.0,1.0,4.0,2.0,6.0,missing features
A-a6d261,3003.7301587301586,9.952380952380953,0.4603174603174603,4.666666666666667,40.0,99.94,2725.4444444444443,32705.333333333332,1.0,1.0,3.0,1.0,1.0,missing features
A-a7bd4b,3032.2181818181816,10.472727272727273,0.6727272727272727,3.25,36.833333333333336,0.0,502.3272727272727,6027.927272727273,1.0,1.0,0.0,0.0,6.0,too expensive
A-a865bd,2505.0,9.583333333333334,0.5416666666666666,3.0,31.5,0.0,5146.25,61755.0,1.0,0.0,0.0,2.0,6.0,missing features
A-a8b49c,3396.277777777778,10.092592592592593,0.7962962962962963,4.0,72.0,0.0,910.8518518518518,10930.222222222223,1.0,0.0,0.0,0.0,5.0,missing features
A-a8d89d,3166.037037037037,10.203703703703704,0.48148148148148145,5.0,44.5,0.0,2593.4814814814813,31121.777777777777,1.0,0.0,2.0,0.0,6.0,switched to competitor
A-aa9511,2915.7846153846153,9.615384615384615,0.5384615384615384,4.0,56.5,0.0,3745.6769230769232,44948.123076923075,1.0,1.0,1.0,0.0,6.0,
A-ab438f,3095.8888888888887,10.25,0.3333333333333333,3.5,33.5,0.0,1992.25,23907.0,1.0,1.0,0.0,1.0,6.0,
A-ac14bb,3163.4444444444443,9.833333333333334,0.7777777777777778,4.0,24.5,64.395,3527.4074074074074,42328.88888888889,1.0,1.0,3.0,0.0,6.0,switched to competitor too expensive
A-ac85cd,2793.6825396825398,10.063492063492063,0.4603174603174603,3.5,33.666666666666664,93.165,3086.746031746032,37040.95238095238,1.0,1.0,2.0,2.0,6.0,
A-ac9111,3064.2168674698796,9.734939759036145,0.5542168674698795,5.0,24.666666666666668,0.0,1210.7831325301204,14529.397590361446,1.0,1.0,4.0,0.0,6.0,missing features
A-acb7f7,2848.8387096774195,9.870967741935484,0.5806451612903226,3.5,41.0,0.0,2975.8225806451615,35709.87096774193,1.0,0.0,2.0,2.0,6.0,missing features
A-ad296b,3348.548387096774,9.483870967741936,0.3870967741935484,3.6666666666666665,28.333333333333332,12.574444444444444,2029.9354838709678,24359.225806451614,1.0,1.0,1.0,1.0,0.0,
A-ad3abd,3271.2413793103447,10.206896551724139,0.3793103448275862,3.0,13.0,0.0,2024.0,24288.0,1.0,1.0,3.0,2.0,6.0,
A-ad64c6,3980.25,10.75,0.9,5.0,34.0,9.54,3190.4761904761904,38285.71428571428,1.0,1.0,1.0,0.0,5.0,missing features
A-adc1f3,3337.027777777778,9.277777777777779,0.7222222222222222,3.5,47.333333333333336,0.0,4077.5675675675675,48930.81081081081,1.0,1.0,0.0,1.0,6.0,
A-ae052e,3047.689655172414,10.344827586206897,0.41379310344827586,4.0,31.25,0.0,1133.7586206896551,13605.103448275862,1.0,1.0,3.0,2.0,1.0,too expensive
A-af0cd2,3219.5142857142855,9.814285714285715,0.4714285714285714,4.0,54.333333333333336,0.0,610.7142857142857,7328.571428571428,1.0,1.0,0.0,0.0,4.0,switched to competitor
A-afa505,3189.6666666666665,9.941176470588236,0.5490196078431373,3.0,37.25,0.0,8660.78431372549,103929.41176470589,1.0,1.0,1.0,2.0,6.0,missing features
A-b07346,3240.6969696969695,9.878787878787879,0.6666666666666666,3.5,42.333333333333336,0.0,4906.818181818182,58881.818181818184,1.0,0.0,4.0,1.0,6.0,missing features
A-b07b56,2897.84375,9.890625,0.609375,3.0,31.25,0.0,1191.1875,14294.25,1.0,1.0,1.0,2.0,6.0,switched to competitor
A-b11cd0,2955.551724137931,9.586206896551724,0.5517241379310345,4.0,38.5,3.223333333333333,784.6896551724138,9416.275862068966,1.0,1.0,1.0,2.0,6.0,
A-b179bf,2842.4358974358975,10.205128205128204,0.46153846153846156,4.0,24.666666666666668,0.0,3239.3333333333335,38872.0,1.0,0.0,0.0,2.0,4.0,missing features too expensive
A-b20d99,3188.3030303030305,9.969696969696969,0.36363636363636365,3.5,61.5,0.0,1666.5454545454545,19998.545454545456,1.0,0.0,4.0,0.0,4.0,missing features
A-b2225d,3242.3698630136987,9.534246575342467,0.821917808219178,3.0,42.0,0.0,1460.3150684931506,17523.780821917808,1.0,0.0,3.0,0.0,6.0,switched to competitor too expensive
A-b2af2e,3345.222222222222,9.666666666666666,0.6111111111111112,4.0,39.5,0.0,866.0555555555555,10392.666666666666,1.0,0.0,0.0,0.0,5.0,
A-b30291,3356.1875,10.8125,0.6458333333333334,4.222222222222222,16.0,277.54,333.8541666666667,4006.25,1.0,1.0,4.0,1.0,6.0,too expensive
A-b3fe05,3301.4418604651164,10.186046511627907,0.4186046511627907,3.0,48.25,0.0,2161.6744186046512,25940.093023255813,1.0,1.0,0.0,0.0,1.0,
A-b44e3e,3024.0263157894738,10.18421052631579,0.34210526315789475,4.333333333333333,40.0,0.0,7228.631578947368,86743.57894736843,1.0,1.0,0.0,2.0,5.0,switched to competitor
A-b48f73,2691.2727272727275,9.363636363636363,0.5227272727272727,4.0,28.666666666666668,0.0,4387.272727272727,52647.27272727273,1.0,0.0,2.0,2.0,0.0,
A-b54c01,2824.913043478261,9.826086956521738,0.7391304347826086,3.0,42.6,0.0,785.5217391304348,9426.260869565218,1.0,0.0,1.0,0.0,6.0,too expensive
A-b7724f,2453.9736842105262,10.0,0.42105263157894735,3.0,28.666666666666668,80.85000000000001,356.3157894736842,4275.789473684211,1.0,1.0,4.0,2.0,5.0,missing features switched to competitor
A-b78bf8,2947.6666666666665,10.023809523809524,0.2619047619047619,4.2,24.2,0.0,3542.285714285714,42507.42857142857,1.0,0.0,1.0,0.0,6.0,
A-b7b7b7,3025.2727272727275,10.381818181818181,0.4727272727272727,5.0,17.0,12.727777777777776,2463.4363636363637,29561.236363636363,1.0,0.0,3.0,2.0,6.0,
A-b7ef83,3010.7916666666665,10.25,0.5416666666666666,4.0,47.5,30.125,2115.3194444444443,25383.833333333332,1.0,1.0,0.0,0.0,5.0,too expensive missing features
A-b9eed8,2761.8688524590166,10.21311475409836,0.9016393442622951,3.75,29.2,0.0,1334.4426229508197,16013.311475409837,1.0,0.0,0.0,1.0,6.0,switched to competitor
A-b9f5b1,3019.2,10.233333333333333,0.4,3.3333333333333335,31.833333333333332,0.0,1016.4,12196.8,1.0,1.0,0.0,0.0,6.0,switched to competitor
A-ba6516,3559.233333333333,10.7,0.5333333333333333,4.0,31.5,0.0,2096.8688524590166,25162.426229508197,1.0,0.0,3.0,1.0,6.0,
A-bad8c1,3396.6216216216217,10.405405405405405,0.2972972972972973,4.0,27.0,0.0,1024.3243243243244,12291.891891891892,1.0,0.0,3.0,2.0,0.0,too expensive
A-bb1486,2832.0238095238096,9.642857142857142,0.8571428571428571,3.0,11.0,0.0,1945.9761904761904,23351.714285714286,1.0,1.0,4.0,0.0,6.0,switched to competitor
A-bb1eaa,2666.8823529411766,9.647058823529411,0.4117647058823529,4.5,23.5,0.0,1976.0588235294117,23712.70588235294,1.0,0.0,0.0,2.0,6.0,too expensive
A-bb2f49,3167.8333333333335,10.3,0.7,4.0,22.333333333333332,2.9033333333333338,2549.2833333333333,30591.4,1.0,1.0,0.0,2.0,6.0,
A-bb3bd4,3120.3,10.5,0.36666666666666664,4.142857142857143,32.72727272727273,0.0,1040.1935483870968,12482.322580645161,1.0,0.0,4.0,1.0,6.0,missing features
A-bbc346,2893.1612903225805,10.483870967741936,0.5967741935483871,4.5,45.333333333333336,7.7299999999999995,2895.7903225806454,34749.48387096774,1.0,1.0,3.0,0.0,6.0,too expensive switched to competitor
A-bbe56f,2754.7272727272725,10.545454545454545,0.36363636363636365,4.0,26.25,11.583333333333334,697.1363636363636,8365.636363636364,1.0,0.0,4.0,0.0,6.0,
A-bc4d48,2793.46875,10.03125,0.28125,4.2,41.166666666666664,7.171666666666667,1655.9375,19871.25,1.0,0.0,2.0,0.0,6.0,
A-bc87bc,3754.4444444444443,10.944444444444445,0.3888888888888889,3.75,40.57142857142857,0.0,978.6388888888889,11743.666666666666,1.0,1.0,3.0,2.0,6.0,
A-bcbe98,2671.0615384615385,9.76923076923077,0.6615384615384615,4.0,38.285714285714285,0.0,2164.123076923077,25969.476923076923,1.0,0.0,0.0,2.0,6.0,missing features
A-bcf664,3248.5714285714284,10.267857142857142,0.5,4.0,36.0,25.106666666666666,885.7321428571429,10628.785714285714,1.0,1.0,1.0,2.0,6.0,too expensive
A-bcf87c,2733.1481481481483,9.314814814814815,0.35185185185185186,4.0,63.0,7.0377777777777775,2496.3888888888887,29956.666666666668,1.0,1.0,3.0,2.0,6.0,
A-bd4513,3089.156862745098,9.941176470588236,0.6666666666666666,4.666666666666667,42.0,17.57,3944.4313725490197,47333.17647058824,1.0,1.0,1.0,0.0,0.0,too expensive switched to competitor
A-bd4708,3154.640625,10.203125,0.46875,3.5,24.0,0.0,3127.375,37528.5,1.0,0.0,3.0,2.0,6.0,
A-bece89,2532.2105263157896,9.263157894736842,0.6842105263157895,4.0,32.5,54.88,2819.157894736842,33829.89473684211,1.0,0.0,0.0,1.0,4.0,missing features switched to competitor
A-bf7919,2979.153846153846,10.076923076923077,0.5384615384615384,5.0,14.5,0.0,330.2307692307692,3962.769230769231,1.0,1.0,4.0,1.0,6.0,too expensive
A-c16101,3381.5272727272727,10.2,0.5272727272727272,5.0,28.0,0.0,1122.5454545454545,13470.545454545454,1.0,0.0,2.0,0.0,4.0,too expensive
A-c16b88,3228.3125,9.520833333333334,0.5,3.0,48.333333333333336,0.0,1763.7083333333333,21164.5,1.0,1.0,4.0,1.0,6.0,switched to competitor
A-c16cf7,2497.344827586207,9.948275862068966,0.4482758620689655,3.5,48.333333333333336,0.0,1297.051724137931,15564.620689655172,1.0,1.0,2.0,1.0,6.0,too expensive
A-c1dfe1,3274.025641025641,9.615384615384615,0.7692307692307693,4.0,50.333333333333336,0.0,3093.7948717948716,37125.53846153846,1.0,1.0,1.0,0.0,2.0,missing features
A-c1e51e,3044.56,10.36,0.72,3.2,40.0,0.0,2874.22,34490.64,1.0,1.0,3.0,0.0,6.0,switched to competitor missing features
A-c222ab,2965.3555555555554,9.666666666666666,0.7333333333333333,5.0,39.0,10.713333333333333,2464.0,29568.0,1.0,1.0,0.0,1.0,6.0,too expensive missing features
A-c37601,2746.5625,10.1875,0.4375,3.6666666666666665,42.25,0.0,2399.8979591836733,28798.775510204083,1.0,1.0,2.0,2.0,6.0,switched to competitor
A-c37cab,2904.4142857142856,10.114285714285714,0.5714285714285714,3.75,33.0,2.015,2168.5857142857144,26023.02857142857,1.0,1.0,0.0,2.0,5.0,missing features switched to competitor
A-c42f1f,2810.942857142857,9.628571428571428,0.5714285714285714,4.0,31.333333333333332,0.8422222222222223,604.3142857142857,7251.771428571428,1.0,1.0,4.0,2.0,6.0,
A-c43359,3128.744680851064,9.808510638297872,0.6808510638297872,4.0,26.666666666666668,4.46,1419.7446808510638,17036.936170212764,1.0,1.0,3.0,0.0,6.0,too expensive missing features
A-c45b23,3068.7457627118642,9.847457627118644,0.5084745762711864,3.0,36.666666666666664,0.0,433.9830508474576,5207.796610169492,1.0,1.0,3.0,2.0,5.0,missing features
A-c4ea60,3191.720930232558,9.930232558139535,0.4186046511627907,3.6,36.0,90.38833333333334,1819.953488372093,21839.441860465115,1.0,0.0,3.0,1.0,2.0,
A-c58f49,2856.315789473684,9.552631578947368,0.5789473684210527,5.0,36.333333333333336,53.32000000000001,9409.473684210527,112913.68421052632,1.0,0.0,2.0,0.0,6.0,too expensive switched to competitor
A-c608c8,3356.860465116279,10.348837209302326,0.627906976744186,3.0,59.0,0.0,1381.0232558139535,16572.279069767443,1.0,1.0,1.0,2.0,2.0,too expensive
A-c62e55,2720.15625,10.53125,0.40625,4.0,27.5,9.353333333333333,1078.3125,12939.75,1.0,0.0,2.0,2.0,6.0,
A-c70870,3127.5882352941176,9.823529411764707,0.5294117647058824,4.0,35.6,0.0,7339.882352941177,88078.58823529411,1.0,0.0,0.0,2.0,6.0,switched to competitor
A-c7e58b,3113.323529411765,10.088235294117647,0.5294117647058824,3.5,30.6,36.05555555555556,892.0882352941177,10705.058823529413,1.0,0.0,4.0,1.0,4.0,
A-c7ffc2,3241.2419354838707,10.32258064516129,0.45161290322580644,3.0,64.0,87.46,2648.532258064516,31782.387096774193,1.0,0.0,0.0,0.0,6.0,too expensive missing features
A-c9bb3e,3720.717391304348,10.304347826086957,0.43478260869565216,4.2,27.714285714285715,0.0,1461.4347826086957,17537.217391304348,1.0,1.0,2.0,0.0,6.0,switched to competitor
A-cab532,2709.29702970297,9.950495049504951,0.46534653465346537,4.0,32.0,0.0,1184.4059405940593,14212.871287128713,1.0,1.0,1.0,1.0,3.0,too expensive
A-cb5333,3216.670731707317,9.707317073170731,0.4146341463414634,3.0,30.75,0.0,1449.7926829268292,17397.51219512195,1.0,1.0,1.0,2.0,6.0,too expensive
A-cb6cc6,2906.2571428571428,8.971428571428572,0.7428571428571429,3.5,16.333333333333332,5.835833333333333,368.34285714285716,4420.114285714286,1.0,0.0,1.0,2.0,6.0,
A-cbbe12,2271.9545454545455,8.090909090909092,0.45454545454545453,4.25,38.0,41.818333333333335,1674.6363636363637,20095.636363636364,1.0,1.0,0.0,2.0,2.0,
A-cbd1a3,2862.4222222222224,10.333333333333334,0.7111111111111111,4.0,34.5,40.703333333333326,1711.1333333333334,20533.6,1.0,0.0,1.0,2.0,6.0,
A-cc102e,2827.0697674418607,9.162790697674419,0.9069767441860465,4.333333333333333,33.25,37.053333333333335,867.7209302325581,10412.651162790698,1.0,1.0,4.0,0.0,6.0,switched to competitor too expensive
A-cc1d8d,3243.8888888888887,9.80952380952381,0.7619047619047619,4.5,30.2,108.61,650.5396825396825,7806.476190476191,1.0,0.0,3.0,1.0,6.0,too expensive
A-cc8c8f,2392.25,9.571428571428571,0.6428571428571429,3.5,14.5,0.0,2723.285714285714,32679.428571428572,1.0,1.0,1.0,0.0,6.0,missing features
A-cc98bc,3027.735849056604,10.39622641509434,0.4528301886792453,4.0,4.666666666666667,5.913333333333333,1988.1509433962265,23857.811320754718,1.0,1.0,1.0,2.0,6.0,
A-ccabf0,3381.76,10.12,0.58,3.6666666666666665,46.25,0.0,1553.5,18642.0,1.0,1.0,4.0,1.0,4.0,too expensive
A-ccb686,2912.114285714286,10.3,0.6571428571428571,4.0,67.0,8.64,1371.6285714285714,16459.542857142857,1.0,1.0,1.0,1.0,6.0,switched to competitor
A-ccc747,2986.0666666666666,9.466666666666667,0.43333333333333335,5.0,32.25,34.75,700.1,8401.2,1.0,1.0,4.0,0.0,3.0,switched to competitor
A-cd458b,3174.095238095238,10.285714285714286,0.5357142857142857,4.6,38.4,0.0,2592.5238095238096,31110.285714285714,1.0,1.0,1.0,1.0,6.0,switched to competitor
A-cdf020,2988.05,9.475,0.45,4.0,29.5,52.63000000000001,2234.0,26808.0,1.0,1.0,1.0,1.0,0.0,too expensive
A-ce550d,3720.3275862068967,9.982758620689655,0.5344827586206896,3.8,42.285714285714285,0.0,6434.413793103448,77212.96551724138,1.0,1.0,4.0,2.0,6.0,too expensive
A-ce66f8,2903.4565217391305,10.73913043478261,0.41304347826086957,3.5,41.666666666666664,0.0,2038.304347826087,24459.652173913044,1.0,0.0,2.0,0.0,1.0,
A-cea1f0,2878.3571428571427,10.464285714285714,0.5,4.333333333333333,42.2,4.806666666666667,1259.9285714285713,15119.142857142857,1.0,0.0,3.0,0.0,6.0,
A-ced9aa,3035.818181818182,9.654545454545454,0.7090909090909091,3.0,28.857142857142858,0.8422222222222223,599.9454545454546,7199.345454545454,1.0,1.0,1.0,1.0,6.0,
A-d26ab4,2638.6739130434785,9.956521739130435,0.5217391304347826,4.0,49.5,86.02,1700.2826086956522,20403.391304347828,1.0,1.0,1.0,1.0,5.0,too expensive
A-d27f50,3402.02,9.62,0.62,3.75,37.5,0.0,4373.76,52485.12,1.0,1.0,0.0,0.0,5.0,
A-d3c88e,3195.046875,10.0625,0.75,4.0,58.0,0.0,2107.453125,25289.4375,1.0,0.0,1.0,2.0,6.0,too expensive
A-d40bf7,2730.6545454545453,10.218181818181819,0.4,5.0,20.5,0.0,4124.636363636364,49495.63636363636,1.0,0.0,3.0,1.0,4.0,
A-d42431,2848.1702127659573,9.72340425531915,0.723404255319149,4.0,24.25,8.71,2567.468085106383,30809.617021276597,1.0,1.0,3.0,0.0,3.0,switched to competitor missing features
A-d49cc5,3486.170731707317,10.634146341463415,0.8292682926829268,4.5,32.0,0.0,1661.5853658536585,19939.024390243903,1.0,0.0,0.0,0.0,3.0,missing features
A-d4ac0e,3070.2375,9.9125,0.6625,3.5,21.0,13.586666666666668,1580.8125,18969.75,1.0,1.0,1.0,0.0,5.0,
A-d4e0d4,2954.5102040816328,9.959183673469388,0.673469387755102,4.0,39.25,25.411666666666672,11750.142857142857,141001.7142857143,1.0,1.0,3.0,2.0,6.0,
A-d535f6,3107.5106382978724,10.148936170212766,0.6170212765957447,3.861111111111111,39.416666666666664,0.0,553.0,6636.0,1.0,0.0,1.0,0.0,6.0,switched to competitor missing features
A-d5a319,3604.322033898305,10.23728813559322,0.7288135593220338,4.0,17.0,0.0,2537.593220338983,30451.118644067796,1.0,0.0,3.0,1.0,6.0,
A-d62e02,3728.1470588235293,10.117647058823529,0.6764705882352942,4.0,36.0,0.0,2163.0,25956.0,1.0,0.0,0.0,1.0,6.0,
A-d77f4c,2936.2258064516127,9.951612903225806,0.5161290322580645,4.0,31.0,0.0,2749.1129032258063,32989.354838709674,1.0,1.0,1.0,0.0,6.0,too expensive
A-d792a6,2991.1029411764707,10.147058823529411,0.5882352941176471,4.0,40.6,0.0,1520.4558823529412,18245.470588235294,1.0,1.0,1.0,0.0,6.0,too expensive missing features
A-d82ef9,2853.264705882353,9.985294117647058,0.6764705882352942,4.25,39.8,74.94,1127.3529411764705,13528.235294117647,1.0,1.0,2.0,2.0,5.0,switched to competitor
A-d922bf,3271.1951219512193,10.21951219512195,0.4634146341463415,3.3333333333333335,39.142857142857146,11.13,2606.4146341463415,31276.975609756097,1.0,1.0,4.0,0.0,6.0,too expensive
A-db5e9e,2997.4561403508774,10.280701754385966,0.47368421052631576,5.0,66.0,0.0,1147.3157894736842,13767.78947368421,1.0,1.0,1.0,2.0,6.0,missing features
A-dbc825,2955.5694444444443,10.13888888888889,0.8055555555555556,4.0,49.5,0.0,2079.7083333333335,24956.5,1.0,1.0,2.0,2.0,3.0,too expensive
A-dcc2f0,3206.565789473684,10.960526315789474,0.34210526315789475,4.666666666666667,27.0,0.0,1124.6842105263158,13496.21052631579,1.0,1.0,3.0,0.0,5.0,
A-dcc3f1,2874.125,10.416666666666666,0.6666666666666666,3.8,35.666666666666664,0.0,1379.2708333333333,16551.25,1.0,0.0,4.0,2.0,6.0,too expensive switched to competitor
A-de24d5,2646.5283018867926,10.132075471698114,0.5283018867924528,3.0,43.142857142857146,0.0,1962.3207547169811,23547.849056603773,1.0,1.0,1.0,0.0,6.0,
A-de58ca,2896.7755102040815,10.306122448979592,0.673469387755102,3.3333333333333335,30.6,5.913333333333333,1975.3673469387754,23704.408163265307,1.0,1.0,4.0,2.0,2.0,
A-dec005,2847.3137254901962,9.313725490196079,0.8627450980392157,3.0,59.0,0.0,3269.607843137255,39235.294117647056,1.0,1.0,4.0,0.0,6.0,missing features
A-df10db,3359.0,10.890625,0.625,3.0,68.5,0.0,1266.640625,15199.6875,1.0,1.0,1.0,0.0,6.0,missing features
A-df1e44,2915.0476190476193,10.0,0.3333333333333333,5.0,53.0,0.0,1460.5581395348838,17526.697674418603,1.0,1.0,0.0,1.0,5.0,missing features too expensive
A-dfbd31,3375.425925925926,11.092592592592593,0.35185185185185186,4.25,29.666666666666668,0.0,1670.9444444444443,20051.333333333332,1.0,0.0,1.0,1.0,5.0,too expensive
A-e08cd3,3210.7906976744184,10.046511627906977,0.4883720930232558,4.0,30.375,0.0,7411.113636363636,88933.36363636363,1.0,1.0,3.0,2.0,6.0,switched to competitor too expensive
A-e1462e,2802.7714285714287,9.914285714285715,0.6285714285714286,3.5,39.5,0.0,1762.9142857142858,21154.97142857143,1.0,0.0,3.0,2.0,5.0,switched to competitor too expensive
A-e19ff6,3218.7555555555555,10.133333333333333,0.5333333333333333,4.666666666666667,30.666666666666668,0.0,279.1333333333333,3349.6,1.0,0.0,0.0,2.0,5.0,switched to competitor missing features
A-e1b9cd,3045.2,10.5,0.5875,3.0,35.0,0.0,2280.85,27370.2,1.0,1.0,1.0,0.0,6.0,switched to competitor
A-e2cd1b,2817.204081632653,9.489795918367347,0.3673469387755102,4.0,37.8,3.216666666666667,1398.6938775510205,16784.326530612245,1.0,0.0,1.0,0.0,6.0,
A-e351e1,3532.8275862068967,10.172413793103448,0.7586206896551724,3.75,17.0,37.946666666666665,603.1034482758621,7237.241379310345,1.0,1.0,2.0,0.0,6.0,missing features switched to competitor
A-e36807,2874.469387755102,9.10204081632653,0.5510204081632653,4.5,41.0,4.806666666666667,1247.6122448979593,14971.34693877551,1.0,1.0,2.0,1.0,0.0,
A-e3bd71,3065.967213114754,10.459016393442623,0.4426229508196721,4.0,30.25,0.0,3618.065573770492,43416.7868852459,1.0,1.0,0.0,0.0,6.0,switched to competitor
A-e40f45,2732.311111111111,8.911111111111111,0.5777777777777777,4.333333333333333,26.714285714285715,101.23,1565.0666666666666,18780.8,1.0,1.0,4.0,0.0,6.0,missing features
A-e4144b,3102.2558139534885,10.209302325581396,0.4883720930232558,4.0,57.0,23.813333333333333,4501.418604651163,54017.023255813954,1.0,0.0,2.0,1.0,5.0,
A-e43bf7,2586.375,9.275,0.875,4.0,27.4,0.0,6785.15,81421.8,1.0,0.0,0.0,1.0,0.0,missing features
A-e4bf56,3499.6363636363635,10.272727272727273,0.30303030303030304,3.6666666666666665,29.125,12.716666666666667,2392.787878787879,28713.454545454544,1.0,1.0,4.0,1.0,4.0,
A-e51ec7,3168.625,10.425,0.45,5.0,37.0,0.0,1690.975,20291.7,1.0,1.0,3.0,1.0,1.0,missing features too expensive switched to competitor
A-e5d6ab,2719.6585365853657,9.317073170731707,0.5609756097560976,3.6666666666666665,42.666666666666664,0.0,1185.2439024390244,14222.926829268292,1.0,1.0,2.0,1.0,6.0,switched to competitor
A-e60f9d,2557.8548387096776,10.14516129032258,0.3870967741935484,4.166666666666667,70.5,7.203333333333333,2341.483870967742,28097.8064516129,1.0,1.0,3.0,2.0,6.0,
A-e61e98,2357.035714285714,9.410714285714286,0.44642857142857145,4.6,30.333333333333332,0.0,1784.8214285714287,21417.85714285714,1.0,0.0,3.0,1.0,6.0,switched to competitor
A-e693b6,3379.7868852459014,11.163934426229508,0.4098360655737705,3.0,1.0,0.0,2539.0163934426228,30468.196721311477,1.0,1.0,3.0,0.0,0.0,missing features
A-e6afc1,2764.605633802817,9.56338028169014,0.4225352112676056,4.0,25.683333333333334,7.972222222222222,1424.8028169014085,17097.6338028169,1.0,0.0,1.0,0.0,6.0,
A-e7a1e2,3248.9411764705883,10.338235294117647,0.5294117647058824,4.0,45.0,2.066666666666667,1499.927536231884,17999.130434782608,1.0,1.0,0.0,2.0,6.0,missing features
A-e7beab,3640.9444444444443,10.36111111111111,0.4722222222222222,4.0,36.666666666666664,0.0,1689.0833333333333,20269.0,1.0,1.0,2.0,1.0,2.0,missing features
A-e83938,2814.483870967742,8.580645161290322,0.5806451612903226,3.0,31.0,4.5,1090.1935483870968,13082.322580645161,1.0,0.0,1.0,2.0,5.0,too expensive switched to competitor
A-e888d1,3040.1346153846152,10.615384615384615,0.6923076923076923,4.0,43.0,2.126666666666667,1614.6792452830189,19376.150943396227,1.0,1.0,0.0,1.0,6.0,too expensive missing features switched to competitor
A-e89151,3254.9310344827586,10.362068965517242,0.5,5.0,41.5,14.743333333333332,2078.9137931034484,24946.96551724138,1.0,1.0,3.0,1.0,5.0,
A-e98302,2958.366666666667,9.1,0.6,4.142857142857143,44.44444444444444,17.543333333333337,2237.4333333333334,26849.2,1.0,1.0,2.0,2.0,6.0,
A-eafc6e,2819.3125,9.375,0.46875,3.5555555555555554,64.0,0.0,1947.1875,23366.25,1.0,0.0,1.0,0.0,6.0,
A-eb1312,2893.0307692307692,10.2,0.5846153846153846,5.0,68.0,0.0,1393.8923076923077,16726.707692307693,1.0,1.0,3.0,0.0,6.0,switched to competitor
A-eb2fdc,3234.5,10.12962962962963,0.3148148148148148,4.5,33.6,0.0,1951.111111111111,23413.333333333332,1.0,1.0,1.0,2.0,0.0,missing features
A-eb7c38,2913.5142857142855,9.9,0.38571428571428573,4.333333333333333,22.4,6.26,2204.1428571428573,26449.714285714286,1.0,1.0,1.0,1.0,0.0,
A-eb7fac,3504.3207547169814,10.150943396226415,0.8301886792452831,4.0,34.0,0.0,3449.5,41394.0,1.0,1.0,1.0,1.0,6.0,switched to competitor
A-ed510f,3280.4897959183672,10.061224489795919,0.5714285714285714,4.0,44.55555555555556,0.0,3853.714285714286,46244.57142857143,1.0,1.0,0.0,1.0,4.0,too expensive
A-ee42db,2794.0,9.462962962962964,0.6111111111111112,3.0,33.75,5.88,1022.8703703703703,12274.444444444445,1.0,0.0,2.0,2.0,2.0,missing features too expensive
A-ef84cf,3586.4285714285716,11.035714285714286,0.39285714285714285,4.333333333333333,34.8,6.27,1114.5,13374.0,1.0,1.0,2.0,0.0,6.0,too expensive switched to competitor
A-f03140,3455.5263157894738,10.43859649122807,0.38596491228070173,3.6666666666666665,36.0,0.0,1688.8947368421052,20266.736842105263,1.0,0.0,1.0,0.0,4.0,missing features
A-f17767,3028.6521739130435,10.333333333333334,0.5507246376811594,4.0,36.333333333333336,0.0,1166.338028169014,13996.05633802817,1.0,1.0,1.0,1.0,6.0,
A-f19409,3384.064516129032,10.629032258064516,0.5,4.0,6.333333333333333,0.0,3097.2580645161293,37167.096774193546,1.0,1.0,1.0,2.0,6.0,switched to competitor too expensive
A-f19b24,3834.3333333333335,9.916666666666666,0.8333333333333334,4.0,35.5,3.223333333333333,841.0,10092.0,1.0,0.0,0.0,0.0,6.0,
A-f1f639,3078.3571428571427,9.928571428571429,0.7142857142857143,4.8,20.0,0.0,885.4285714285714,10625.142857142857,1.0,0.0,2.0,0.0,6.0,missing features
A-f25509,3200.1304347826085,9.956521739130435,0.6521739130434783,4.666666666666667,42.666666666666664,0.0,2580.0,30960.0,1.0,0.0,2.0,1.0,6.0,missing features
A-f3ff05,3186.7727272727275,10.181818181818182,0.5454545454545454,3.5,42.666666666666664,0.0,1201.3939393939395,14416.727272727272,1.0,1.0,3.0,0.0,4.0,too expensive
A-f44180,3156.173076923077,10.0,0.4230769230769231,5.0,46.5,38.15,2397.2884615384614,28767.46153846154,1.0,1.0,0.0,0.0,5.0,too expensive
A-f446b6,3269.6153846153848,9.64102564102564,0.7948717948717948,4.25,30.75,0.0,1162.4615384615386,13949.538461538461,1.0,1.0,1.0,1.0,2.0,
A-f45426,3141.8196721311474,10.229508196721312,0.8032786885245902,4.0,17.0,23.585,1577.2459016393443,18926.950819672133,1.0,1.0,4.0,0.0,6.0,switched to competitor missing features
A-f51f16,3948.4594594594596,10.378378378378379,0.7567567567567568,3.0,29.25,0.0,1224.918918918919,14699.027027027027,1.0,1.0,4.0,2.0,6.0,switched to competitor too expensive
A-f5641b,3632.025641025641,11.23076923076923,0.46153846153846156,3.0,47.5,0.0,4071.3333333333335,48856.0,1.0,1.0,2.0,1.0,6.0,too expensive
A-f6b2fb,2880.2181818181816,9.527272727272727,0.6727272727272727,4.0,55.0,0.0,2235.6,26827.2,1.0,1.0,1.0,2.0,0.0,
A-f92792,2813.6603773584907,9.962264150943396,0.5849056603773585,4.0,45.0,0.0,910.2452830188679,10922.943396226416,1.0,0.0,3.0,0.0,6.0,
A-f97b9a,3093.589285714286,10.017857142857142,0.5892857142857143,3.6666666666666665,31.714285714285715,7.553333333333334,1885.875,22630.5,1.0,0.0,3.0,1.0,6.0,
A-f9cc74,2616.52,9.68,0.44,4.0,49.833333333333336,26.48,1121.38,13456.56,1.0,1.0,1.0,0.0,3.0,
A-fa2041,2578.0819672131147,9.049180327868852,0.5573770491803278,3.0,16.0,0.0,1449.0819672131147,17388.983606557376,1.0,0.0,4.0,1.0,6.0,switched to competitor
A-fa3095,3425.423728813559,10.169491525423728,0.711864406779661,5.0,49.2,0.0,5844.406779661017,70132.8813559322,1.0,0.0,3.0,2.0,6.0,missing features
A-faa28c,2745.8813559322034,9.915254237288135,0.4067796610169492,4.666666666666667,52.25,0.0,4908.881355932203,58906.57627118644,1.0,1.0,4.0,2.0,6.0,missing features
A-fabe19,3423.212121212121,10.212121212121213,0.48484848484848486,4.0,40.666666666666664,21.465,3437.2727272727275,41247.27272727273,1.0,1.0,1.0,1.0,5.0,
A-fb186e,3608.5,10.35,0.35,3.6666666666666665,26.166666666666668,12.648888888888889,577.1,6925.2,1.0,0.0,2.0,1.0,4.0,
A-fce879,3657.037037037037,11.074074074074074,0.5185185185185185,4.0,28.0,0.0,1560.9259259259259,18731.11111111111,1.0,0.0,2.0,0.0,5.0,switched to competitor
A-fd7ad3,3070.660714285714,10.125,0.75,4.166666666666667,48.75,17.5075,367.32142857142856,4407.857142857143,1.0,1.0,0.0,2.0,6.0,missing features too expensive switched to competitor
A-fd9422,3257.1136363636365,10.363636363636363,0.4772727272727273,3.5,44.333333333333336,11.866666666666667,2772.1363636363635,33265.63636363636,1.0,1.0,0.0,2.0,6.0,
A-fda07f,3559.630769230769,10.476923076923077,0.6,4.0,17.8,17.34,2323.3846153846152,27880.615384615383,1.0,0.0,0.0,2.0,3.0,missing features
A-fdfc91,2823.9821428571427,10.071428571428571,0.5178571428571429,3.6666666666666665,28.8,47.93333333333334,1785.482142857143,21425.785714285714,1.0,1.0,0.0,0.0,6.0,
A-fe79a5,2929.4545454545455,10.151515151515152,0.5151515151515151,5.0,28.5,3.216666666666667,1399.030303030303,16788.363636363636,1.0,1.0,4.0,1.0,4.0,
A-ff3c73,3599.725,10.2,0.575,3.5,35.5,1.21,442.05,5304.6,1.0,1.0,4.0,0.0,0.0,missing features
A-ff79f2,3264.5853658536585,9.585365853658537,0.2926829268292683,3.8888888888888893,50.0,23.295555555555556,2796.2926829268295,33555.51219512195,1.0,1.0,1.0,2.0,6.0,
A-ffc04f,3224.9651162790697,9.965116279069768,0.7441860465116279,4.5,17.714285714285715,0.0,1162.7790697674418,13953.348837209302,1.0,1.0,2.0,0.0,6.0,
A-ffdfd5,2684.7884615384614,10.173076923076923,0.5384615384615384,4.0,32.861111111111114,0.0,1217.6923076923076,14612.307692307691,1.0,1.0,2.0,1.0,6.0,missing features
